{"test_perc=0.3": {"iteration:1": {"paraphrase-xlm-r-multilingual-v1": {"2": [{"avg_f1": [0.265398000426269, 0.3089252531594036]}], "4": [{"avg_f1": [0.37414055560508647, 0.5075918810062736]}], "6": [{"avg_f1": [0.4635458147616201, 0.5732945657275377]}], "8": [{"avg_f1": [0.5565387036615773, 0.6575962341476592]}], "10": [{"avg_f1": [0.5565539666158862, 0.6728504389448894]}]}}, "iteration:2": {"paraphrase-xlm-r-multilingual-v1": {"2": [{"avg_f1": [0.30266053391053394, 0.36045664534470506]}], "4": [{"avg_f1": [0.41576696074744435, 0.5224324794442644]}], "6": [{"avg_f1": [0.48410354650145365, 0.6030906270066487]}], "8": [{"avg_f1": [0.6833258209333478, 0.760450427886634]}], "10": [{"avg_f1": [0.7193705059601418, 0.7800874843236564]}]}}, "iteration:3": {"paraphrase-xlm-r-multilingual-v1": {"2": [{"avg_f1": [0.3091909719862788, 0.3808150720471548]}], "4": [{"avg_f1": [0.33679668366445403, 0.45138229656959145]}], "6": [{"avg_f1": [0.40636785198640873, 0.5264984336764611]}], "8": [{"avg_f1": [0.4853257336005061, 0.5910427444010267]}], "10": [{"avg_f1": [0.5674393119797031, 0.6593923374424822]}]}}, "iteration:4": {"paraphrase-xlm-r-multilingual-v1": {"2": [{"avg_f1": [0.26229806716902554, 0.2688873793004991]}], "4": [{"avg_f1": [0.3831737448407531, 0.45688311528222764]}], "6": [{"avg_f1": [0.5850397381954183, 0.6564966192878524]}], "8": [{"avg_f1": [0.6259084535634191, 0.702073401661874]}], "10": [{"avg_f1": [0.7513146746944477, 0.7880325468094517]}]}}, "iteration:5": {"paraphrase-xlm-r-multilingual-v1": {"2": [{"avg_f1": [0.2952427073721689, 0.37344054808908395]}], "4": [{"avg_f1": [0.3919642857142857, 0.5232364960909737]}], "6": [{"avg_f1": [0.5003291055922635, 0.6354144066634247]}], "8": [{"avg_f1": [0.5678062678062678, 0.6904643449419569]}], "10": [{"avg_f1": [0.5837469220447944, 0.6928646720834718]}]}}, "iteration:6": {"paraphrase-xlm-r-multilingual-v1": {"2": [{"avg_f1": [0.2894472603027259, 0.3653686629850513]}], "4": [{"avg_f1": [0.3666216076036359, 0.5009684916530662]}], "6": [{"avg_f1": [0.5075584856569577, 0.6339676389292485]}], "8": [{"avg_f1": [0.687397910731244, 0.7627652336607561]}], "10": [{"avg_f1": [0.7884552343791474, 0.8307841020649261]}]}}, "iteration:7": {"paraphrase-xlm-r-multilingual-v1": {"2": [{"avg_f1": [0.4038452154394183, 0.49836565962458246]}], "4": [{"avg_f1": [0.43798879807888486, 0.5449985666947047]}], "6": [{"avg_f1": [0.6268196309862977, 0.6687270302941944]}], "8": [{"avg_f1": [0.6669462088816928, 0.7043165832766216]}], "10": [{"avg_f1": [0.6300475020177169, 0.6443907428644415]}]}}, "iteration:8": {"paraphrase-xlm-r-multilingual-v1": {"2": [{"avg_f1": [0.4055585618085618, 0.5078840106825181]}], "4": [{"avg_f1": [0.4495670455129188, 0.563461082792822]}], "6": [{"avg_f1": [0.49815797196694517, 0.60683116332339]}], "8": [{"avg_f1": [0.5864781096393428, 0.6914331064305158]}], "10": [{"avg_f1": [0.577573861522929, 0.6727359734089]}]}}, "iteration:9": {"paraphrase-xlm-r-multilingual-v1": {"2": [{"avg_f1": [0.2608043553971808, 0.2859349659305106]}], "4": [{"avg_f1": [0.3724854885845598, 0.4613686511242078]}], "6": [{"avg_f1": [0.49232761169820316, 0.5948262974202188]}], "8": [{"avg_f1": [0.5344448436344126, 0.6372832609018516]}], "10": [{"avg_f1": [0.5340162621020498, 0.6431358936584529]}]}}, "iteration:10": {"paraphrase-xlm-r-multilingual-v1": {"2": [{"avg_f1": [0.29575429937748776, 0.3774577766790615]}], "4": [{"avg_f1": [0.32183462532299745, 0.434941571213699]}], "6": [{"avg_f1": [0.4093990029705245, 0.5214639055844964]}], "8": [{"avg_f1": [0.43063629262156217, 0.5627463467881398]}], "10": [{"avg_f1": [0.5595744230809908, 0.6654754023524109]}]}}, "iteration:11": {"paraphrase-xlm-r-multilingual-v1": {"2": [{"avg_f1": [0.345877095864181, 0.3967135219039201]}], "4": [{"avg_f1": [0.39988630506334855, 0.5210643093664528]}], "6": [{"avg_f1": [0.49115945782612447, 0.5880767104647702]}], "8": [{"avg_f1": [0.5300454590944812, 0.6312430872474023]}], "10": [{"avg_f1": [0.5425471267862573, 0.6500166770283577]}]}}, "iteration:12": {"paraphrase-xlm-r-multilingual-v1": {"2": [{"avg_f1": [0.3183785041865435, 0.37993653280222894]}], "4": [{"avg_f1": [0.4469597781142773, 0.5583452671940622]}], "6": [{"avg_f1": [0.5738673907036534, 0.6674146059112991]}], "8": [{"avg_f1": [0.5737803753980225, 0.6745860816580747]}], "10": [{"avg_f1": [0.6246141002150816, 0.7045756713396129]}]}}, "iteration:13": {"paraphrase-xlm-r-multilingual-v1": {"2": [{"avg_f1": [0.2715004627685404, 0.33064313155537556]}], "4": [{"avg_f1": [0.283833692943282, 0.3503550889238888]}], "6": [{"avg_f1": [0.38700346670518565, 0.46751429908093506]}], "8": [{"avg_f1": [0.4283797909407665, 0.5050699464350721]}], "10": [{"avg_f1": [0.5057516282940897, 0.5892774261260547]}]}}, "iteration:14": {"paraphrase-xlm-r-multilingual-v1": {"2": [{"avg_f1": [0.2984484631687346, 0.38038621373452397]}], "4": [{"avg_f1": [0.35594938501596024, 0.47061744908168246]}], "6": [{"avg_f1": [0.459537505056008, 0.544194491889533]}], "8": [{"avg_f1": [0.4178803490206999, 0.5218614529690728]}], "10": [{"avg_f1": [0.4446041574524547, 0.5485586221920032]}]}}, "iteration:15": {"paraphrase-xlm-r-multilingual-v1": {"2": [{"avg_f1": [0.2757807624474291, 0.3185830311203446]}], "4": [{"avg_f1": [0.36471502489300045, 0.47562284992763304]}], "6": [{"avg_f1": [0.3839389551054995, 0.5028143496403809]}], "8": [{"avg_f1": [0.3957946358212316, 0.5102304775514526]}], "10": [{"avg_f1": [0.4423493770267964, 0.5613610136720392]}]}}, "iteration:16": {"paraphrase-xlm-r-multilingual-v1": {"2": [{"avg_f1": [0.40895934131228245, 0.5044084390879826]}], "4": [{"avg_f1": [0.42395432253168824, 0.5409181206052031]}], "6": [{"avg_f1": [0.5243375800612643, 0.6313786487362686]}], "8": [{"avg_f1": [0.56312081015547, 0.6668085332856473]}], "10": [{"avg_f1": [0.6019174066953602, 0.6766142215437417]}]}}, "iteration:17": {"paraphrase-xlm-r-multilingual-v1": {"2": [{"avg_f1": [0.34343826463391686, 0.45113850566478736]}], "4": [{"avg_f1": [0.41804457678244095, 0.5510907799634072]}], "6": [{"avg_f1": [0.518493613696662, 0.634024195839454]}], "8": [{"avg_f1": [0.5255648522262049, 0.6287038919113068]}], "10": [{"avg_f1": [0.5848344044930808, 0.6681860369854739]}]}}, "iteration:18": {"paraphrase-xlm-r-multilingual-v1": {"2": [{"avg_f1": [0.30972527923747434, 0.34124312500723125]}], "4": [{"avg_f1": [0.37186044986556505, 0.47137455691106867]}], "6": [{"avg_f1": [0.5025639043496186, 0.5771709633649932]}], "8": [{"avg_f1": [0.5620254034731477, 0.6221869426899389]}], "10": [{"avg_f1": [0.6133091766949033, 0.6745376936349073]}]}}, "iteration:19": {"paraphrase-xlm-r-multilingual-v1": {"2": [{"avg_f1": [0.25948505928575577, 0.31743148196604404]}], "4": [{"avg_f1": [0.3794033935413246, 0.4761757713893587]}], "6": [{"avg_f1": [0.3974664224664224, 0.5268315018315017]}], "8": [{"avg_f1": [0.5706114102340517, 0.687389374181827]}], "10": [{"avg_f1": [0.624650465216503, 0.7244329708987551]}]}}, "iteration:20": {"paraphrase-xlm-r-multilingual-v1": {"2": [{"avg_f1": [0.3172989839656506, 0.3984442044143536]}], "4": [{"avg_f1": [0.3858251342776154, 0.5030025271137205]}], "6": [{"avg_f1": [0.42147411247036365, 0.5570307279256221]}], "8": [{"avg_f1": [0.4784726862396766, 0.5860489866720849]}], "10": [{"avg_f1": [0.6805571103443443, 0.745448207626677]}]}}, "iteration:21": {"paraphrase-xlm-r-multilingual-v1": {"2": [{"avg_f1": [0.3942427253685419, 0.4704183911819493]}], "4": [{"avg_f1": [0.4350130929881784, 0.5276353572841335]}], "6": [{"avg_f1": [0.5333351522427153, 0.6031606672519754]}], "8": [{"avg_f1": [0.5556973293043087, 0.6561580475548678]}], "10": [{"avg_f1": [0.6238639601139601, 0.6961018624824595]}]}}, "iteration:22": {"paraphrase-xlm-r-multilingual-v1": {"2": [{"avg_f1": [0.28261512744271367, 0.3502855844595422]}], "4": [{"avg_f1": [0.34915755572506146, 0.44626710080414095]}], "6": [{"avg_f1": [0.4039001866588073, 0.5011854960388158]}], "8": [{"avg_f1": [0.4121237047122004, 0.5038816299713144]}], "10": [{"avg_f1": [0.4191098115659519, 0.5015847662273427]}]}},