{"test_perc=0.25": {"iteration:1": {"paraphrase-xlm-r-multilingual-v1": {"2": [{"avg_f1": [0.22889886240515986, 0.24109084848077042]}], "4": [{"avg_f1": [0.3419657746887341, 0.3922644633881983]}], "6": [{"avg_f1": [0.34537026078036853, 0.39714812138855965]}], "8": [{"avg_f1": [0.39832696379079374, 0.45142114254421967]}], "10": [{"avg_f1": [0.46260809173291245, 0.5179808984494311]}]}}, "iteration:2": {"paraphrase-xlm-r-multilingual-v1": {"2": [{"avg_f1": [0.41672759941052623, 0.5116087803310227]}], "4": [{"avg_f1": [0.592303943619733, 0.6837561517647928]}], "6": [{"avg_f1": [0.7322159602607643, 0.7783811257529837]}], "8": [{"avg_f1": [0.8143270669586459, 0.8045207971366652]}], "10": [{"avg_f1": [0.7572216064863125, 0.7386793454616106]}]}}, "iteration:3": {"paraphrase-xlm-r-multilingual-v1": {"2": [{"avg_f1": [0.4076087982630039, 0.5231615922088791]}], "4": [{"avg_f1": [0.4032767969272795, 0.5037921932290532]}], "6": [{"avg_f1": [0.4967658072921231, 0.582241168101341]}], "8": [{"avg_f1": [0.5438586846233321, 0.5981421459863411]}], "10": [{"avg_f1": [0.4316941596308608, 0.4853459888161608]}]}}, "iteration:4": {"paraphrase-xlm-r-multilingual-v1": {"2": [{"avg_f1": [0.2767687276930974, 0.3283968205102032]}], "4": [{"avg_f1": [0.3979759850727593, 0.5223171550566832]}], "6": [{"avg_f1": [0.5287467728279746, 0.6493111861493274]}], "8": [{"avg_f1": [0.5356760536141979, 0.6668961525216334]}], "10": [{"avg_f1": [0.5684693061133328, 0.6898126244021088]}]}}, "iteration:5": {"paraphrase-xlm-r-multilingual-v1": {"2": [{"avg_f1": [0.33115248908310563, 0.4231014432109019]}], "4": [{"avg_f1": [0.3895472582972583, 0.49435048782063695]}], "6": [{"avg_f1": [0.5101253318953914, 0.6169595616016336]}], "8": [{"avg_f1": [0.5628892080478908, 0.6734575878218941]}], "10": [{"avg_f1": [0.6099756389042102, 0.7163795885437677]}]}}, "iteration:6": {"paraphrase-xlm-r-multilingual-v1": {"2": [{"avg_f1": [0.33748845662638766, 0.38666407133211045]}], "4": [{"avg_f1": [0.6227426838444161, 0.6695439666077481]}], "6": [{"avg_f1": [0.6977165433156012, 0.7238327767767704]}], "8": [{"avg_f1": [0.7662308333040039, 0.7990057105455722]}], "10": [{"avg_f1": [0.7814147620599234, 0.8123108101442237]}]}}, "iteration:7": {"paraphrase-xlm-r-multilingual-v1": {"2": [{"avg_f1": [0.32165951660632514, 0.3945219317043706]}], "4": [{"avg_f1": [0.39993375405320597, 0.5059960908126291]}], "6": [{"avg_f1": [0.5679464260232895, 0.6669665698247914]}], "8": [{"avg_f1": [0.7006938020351526, 0.7741016816932912]}], "10": [{"avg_f1": [0.6886017220522308, 0.7766910342615536]}]}}, "iteration:8": {"paraphrase-xlm-r-multilingual-v1": {"2": [{"avg_f1": [0.34275532726565167, 0.42174890176685903]}], "4": [{"avg_f1": [0.4287931380080694, 0.5609547773254683]}], "6": [{"avg_f1": [0.5559707528398231, 0.6622529386555556]}], "8": [{"avg_f1": [0.6016894546597517, 0.7025340060658519]}], "10": [{"avg_f1": [0.5774355792393605, 0.6729068577834966]}]}}, "iteration:9": {"paraphrase-xlm-r-multilingual-v1": {"2": [{"avg_f1": [0.2756906592126718, 0.35252667480209016]}], "4": [{"avg_f1": [0.3916450967224163, 0.5134183248193095]}], "6": [{"avg_f1": [0.4813533922556479, 0.608806607078406]}], "8": [{"avg_f1": [0.5849570779191343, 0.6896397800323704]}], "10": [{"avg_f1": [0.5646716238450146, 0.6368103361136676]}]}}, "iteration:10": {"paraphrase-xlm-r-multilingual-v1": {"2": [{"avg_f1": [0.30161651088375224, 0.36951891499305295]}], "4": [{"avg_f1": [0.3647866968091688, 0.4547005331677477]}], "6": [{"avg_f1": [0.3952064624284694, 0.489822679769883]}], "8": [{"avg_f1": [0.562189835752248, 0.6340067327831871]}], "10": [{"avg_f1": [0.5839520532246906, 0.64212378860883]}]}}, "iteration:11": {"paraphrase-xlm-r-multilingual-v1": {"2": [{"avg_f1": [0.3435337204171054, 0.42051342250501256]}], "4": [{"avg_f1": [0.4102033227711115, 0.5126269094763056]}], "6": [{"avg_f1": [0.48708691357778583, 0.5645085928552974]}], "8": [{"avg_f1": [0.5486422603767157, 0.6321979638343121]}], "10": [{"avg_f1": [0.7571586438253105, 0.7904135223538208]}]}}, "iteration:12": {"paraphrase-xlm-r-multilingual-v1": {"2": [{"avg_f1": [0.3024078708861318, 0.34689440614164824]}], "4": [{"avg_f1": [0.4073433478963433, 0.4926091310161741]}], "6": [{"avg_f1": [0.3919896640826874, 0.49964711327085504]}], "8": [{"avg_f1": [0.4958354151222804, 0.6069497344019769]}], "10": [{"avg_f1": [0.5625031936919078, 0.6639107357358837]}]}}, "iteration:13": {"paraphrase-xlm-r-multilingual-v1": {"2": [{"avg_f1": [0.3581304903605044, 0.41202644766145635]}], "4": [{"avg_f1": [0.3773843169331461, 0.5041576872854523]}], "6": [{"avg_f1": [0.4465692417317804, 0.5716759523919545]}], "8": [{"avg_f1": [0.6734631781367023, 0.7508642519777643]}], "10": [{"avg_f1": [0.7356820785127908, 0.7696854974058228]}]}}, "iteration:14": {"paraphrase-xlm-r-multilingual-v1": {"2": [{"avg_f1": [0.3355604304629792, 0.4282710876906317]}], "4": [{"avg_f1": [0.3510057749387017, 0.44878186015335625]}], "6": [{"avg_f1": [0.3939810778520456, 0.5006097093723477]}], "8": [{"avg_f1": [0.43645082361877713, 0.5480099946900097]}], "10": [{"avg_f1": [0.4319946990678698, 0.5368804596689561]}]}}, "iteration:15": {"paraphrase-xlm-r-multilingual-v1": {"2": [{"avg_f1": [0.3420616590373145, 0.43207032875572204]}], "4": [{"avg_f1": [0.37727728170981306, 0.48158700424995204]}], "6": [{"avg_f1": [0.4814830212696066, 0.5734817689085983]}], "8": [{"avg_f1": [0.5941997938972989, 0.6714233900822215]}], "10": [{"avg_f1": [0.6131459975448821, 0.6791969429114215]}]}}, "iteration:16": {"paraphrase-xlm-r-multilingual-v1": {"2": [{"avg_f1": [0.3577403831673281, 0.4318520623315434]}], "4": [{"avg_f1": [0.40309173016581684, 0.5156667448570853]}], "6": [{"avg_f1": [0.4757774392809038, 0.558820221699]}], "8": [{"avg_f1": [0.5793000959711694, 0.6440021380844763]}], "10": [{"avg_f1": [0.5923395445134575, 0.6482401656314699]}]}}, "iteration:17": {"paraphrase-xlm-r-multilingual-v1": {"2": [{"avg_f1": [0.3701314927228549, 0.44757972891061604]}], "4": [{"avg_f1": [0.42712684489000274, 0.5468537637626404]}], "6": [{"avg_f1": [0.48847799806818787, 0.6052331416267421]}], "8": [{"avg_f1": [0.5466991068419279, 0.6532615926937607]}], "10": [{"avg_f1": [0.5724203131545016, 0.6716651887253985]}]}}, "iteration:18": {"paraphrase-xlm-r-multilingual-v1": {"2": [{"avg_f1": [0.3875003617240864, 0.4718431927521412]}], "4": [{"avg_f1": [0.3933780464265222, 0.4854638837889749]}], "6": [{"avg_f1": [0.466865132544575, 0.5570337328177049]}], "8": [{"avg_f1": [0.47779329373756624, 0.5732847378427528]}], "10": [{"avg_f1": [0.4815228808266621, 0.5741470852177539]}]}}, "iteration:19": {"paraphrase-xlm-r-multilingual-v1": {"2": [{"avg_f1": [0.41561840819056445, 0.5063409223369186]}], "4": [{"avg_f1": [0.5516047505096316, 0.6298603685094262]}], "6": [{"avg_f1": [0.6702798726328139, 0.7257474317702588]}], "8": [{"avg_f1": [0.8109778633254184, 0.8468917054641522]}], "10": [{"avg_f1": [0.7519659057685596, 0.7974320186194268]}]}}, "iteration:20": {"paraphrase-xlm-r-multilingual-v1": {"2": [{"avg_f1": [0.29623596674168634, 0.3895241375562016]}], "4": [{"avg_f1": [0.4264276157345464, 0.5301249705446542]}], "6": [{"avg_f1": [0.5455804970891177, 0.6185355485567787]}], "8": [{"avg_f1": [0.5783042620648345, 0.6490827024834931]}], "10": [{"avg_f1": [0.6112365484914505, 0.6640954467117769]}]}}, "iteration:21": {"paraphrase-xlm-r-multilingual-v1": {"2": [{"avg_f1": [0.4112104461543633, 0.4561439937986885]}], "4": [{"avg_f1": [0.49353661433387214, 0.5811977366865096]}], "6": [{"avg_f1": [0.5808436510996605, 0.6688379377192494]}], "8": [{"avg_f1": [0.793604619305554, 0.8167600097157917]}], "10": [{"avg_f1": [0.8490287348983001, 0.8548763935688011]}]}}, "iteration:22": {"paraphrase-xlm-r-multilingual-v1": {"2": [{"avg_f1": [0.5319646629695648, 0.6068573871580896]}], "4": [{"avg_f1": [0.5983744042767642, 0.6694071908196765]}], "6": [{"avg_f1": [0.7053382247890257, 0.7577902684463701]}], "8": [{"avg_f1": [0.815992448759439, 0.8436699995169782]}], "10": [{"avg_f1": [0.8380163536549494, 0.8589784525137693]}]}},