{"test_perc=0.25": {"iteration:1": {"paraphrase-xlm-r-multilingual-v1": {"2": [{"avg_f1": [0.369245848105239, 0.470117892555404]}], "4": [{"avg_f1": [0.40688574441666975, 0.5345720455345513]}], "6": [{"avg_f1": [0.5673732270383881, 0.667067924279341]}], "8": [{"avg_f1": [0.584420486963139, 0.6610741329748887]}], "10": [{"avg_f1": [0.5695452203430927, 0.6508487296197681]}]}}, "iteration:2": {"paraphrase-xlm-r-multilingual-v1": {"2": [{"avg_f1": [0.3289762823518098, 0.4233316001405931]}], "4": [{"avg_f1": [0.35535390199637024, 0.4559579597475418]}], "6": [{"avg_f1": [0.47816714847275116, 0.5770859669440619]}], "8": [{"avg_f1": [0.47541899715074587, 0.5790354118763008]}], "10": [{"avg_f1": [0.5565687384909352, 0.6639353678870055]}]}}, "iteration:3": {"paraphrase-xlm-r-multilingual-v1": {"2": [{"avg_f1": [0.21806340238543628, 0.23093150068864715]}], "4": [{"avg_f1": [0.3795934280144806, 0.4658546864674123]}], "6": [{"avg_f1": [0.4518939170663308, 0.5916138222159839]}], "8": [{"avg_f1": [0.5489003154097494, 0.6735724213371355]}], "10": [{"avg_f1": [0.5636339902106153, 0.6585374712033176]}]}}, "iteration:4": {"paraphrase-xlm-r-multilingual-v1": {"2": [{"avg_f1": [0.43035714403737696, 0.46916691577357367]}], "4": [{"avg_f1": [0.5305124402320577, 0.618632541961905]}], "6": [{"avg_f1": [0.6904450669156552, 0.7675223323160111]}], "8": [{"avg_f1": [0.7274779690571168, 0.7889833464395761]}], "10": [{"avg_f1": [0.7932318810179108, 0.8568701959297657]}]}}, "iteration:5": {"paraphrase-xlm-r-multilingual-v1": {"2": [{"avg_f1": [0.30923890923890923, 0.35873546022799757]}], "4": [{"avg_f1": [0.4116108823425897, 0.5026826589258333]}], "6": [{"avg_f1": [0.45028667667021055, 0.5656897657238456]}], "8": [{"avg_f1": [0.49662682798872054, 0.6133405616027673]}], "10": [{"avg_f1": [0.4907428355957768, 0.6046076180185047]}]}}, "iteration:6": {"paraphrase-xlm-r-multilingual-v1": {"2": [{"avg_f1": [0.29430864998219913, 0.3702055945328241]}], "4": [{"avg_f1": [0.3776054192720859, 0.447208402432283]}], "6": [{"avg_f1": [0.4313294002918921, 0.49457969196357754]}], "8": [{"avg_f1": [0.5722918098056833, 0.6366508585974521]}], "10": [{"avg_f1": [0.4790026910392684, 0.5455801237660314]}]}}, "iteration:7": {"paraphrase-xlm-r-multilingual-v1": {"2": [{"avg_f1": [0.32753407583128946, 0.3987445067293503]}], "4": [{"avg_f1": [0.36010369306236606, 0.470080900724583]}], "6": [{"avg_f1": [0.3809704184704185, 0.5166295147638432]}], "8": [{"avg_f1": [0.503379876137608, 0.6076447602251572]}], "10": [{"avg_f1": [0.4819816512212825, 0.580754945584026]}]}}, "iteration:8": {"paraphrase-xlm-r-multilingual-v1": {"2": [{"avg_f1": [0.29980597912286716, 0.34619982273555017]}], "4": [{"avg_f1": [0.37202050997782704, 0.466000306119072]}], "6": [{"avg_f1": [0.537361659667768, 0.619927628232364]}], "8": [{"avg_f1": [0.7933977455716587, 0.8365960054798471]}], "10": [{"avg_f1": [0.7809187470841606, 0.830770390471883]}]}}, "iteration:9": {"paraphrase-xlm-r-multilingual-v1": {"2": [{"avg_f1": [0.38893570391119403, 0.4960598153025721]}], "4": [{"avg_f1": [0.5157839042049567, 0.6129262210251998]}], "6": [{"avg_f1": [0.6311095983147317, 0.7050009356378614]}], "8": [{"avg_f1": [0.6513114510208785, 0.742846348925242]}], "10": [{"avg_f1": [0.6530409204322248, 0.7280735055556599]}]}}, "iteration:10": {"paraphrase-xlm-r-multilingual-v1": {"2": [{"avg_f1": [0.35886149853529337, 0.47042845487404134]}], "4": [{"avg_f1": [0.42642320545244083, 0.5389749863787099]}], "6": [{"avg_f1": [0.5351900747279165, 0.5975659761464678]}], "8": [{"avg_f1": [0.7116775799842161, 0.7444951089303696]}], "10": [{"avg_f1": [0.7792718855218855, 0.8219875998793909]}]}}, "iteration:11": {"paraphrase-xlm-r-multilingual-v1": {"2": [{"avg_f1": [0.31849604806976656, 0.4048120868370182]}], "4": [{"avg_f1": [0.5249969698543798, 0.6045214359866555]}], "6": [{"avg_f1": [0.6265677120037586, 0.6983670179756609]}], "8": [{"avg_f1": [0.6953724105065456, 0.7444997659084946]}], "10": [{"avg_f1": [0.7249695040130901, 0.7719580517491397]}]}}, "iteration:12": {"paraphrase-xlm-r-multilingual-v1": {"2": [{"avg_f1": [0.30659334323782034, 0.37684229142392156]}], "4": [{"avg_f1": [0.3856001879257693, 0.42987719211252706]}], "6": [{"avg_f1": [0.46604368471792473, 0.5219234618956002]}], "8": [{"avg_f1": [0.6421142086763928, 0.7059627544783666]}], "10": [{"avg_f1": [0.6964329321472178, 0.7545976293311049]}]}}, "iteration:13": {"paraphrase-xlm-r-multilingual-v1": {"2": [{"avg_f1": [0.4841560174893509, 0.5707281326684311]}], "4": [{"avg_f1": [0.5152149191386652, 0.5487204325803869]}], "6": [{"avg_f1": [0.6652376754279617, 0.7093190108446308]}], "8": [{"avg_f1": [0.7337545252961881, 0.7722979523136729]}], "10": [{"avg_f1": [0.699187923784698, 0.740708880537961]}]}}, "iteration:14": {"paraphrase-xlm-r-multilingual-v1": {"2": [{"avg_f1": [0.26771761799238875, 0.30496457268458665]}], "4": [{"avg_f1": [0.39371718937115907, 0.48420271104140966]}], "6": [{"avg_f1": [0.44849022229974606, 0.5388655015520686]}], "8": [{"avg_f1": [0.4798027105579074, 0.5782161175546416]}], "10": [{"avg_f1": [0.6772298144847165, 0.7364242365120327]}]}}, "iteration:15": {"paraphrase-xlm-r-multilingual-v1": {"2": [{"avg_f1": [0.26197102444156645, 0.32947142221420866]}], "4": [{"avg_f1": [0.3280159916525128, 0.41631774620977763]}], "6": [{"avg_f1": [0.4857339492347892, 0.5902500376059233]}], "8": [{"avg_f1": [0.5950846702317291, 0.6789923377763588]}], "10": [{"avg_f1": [0.6338776920874107, 0.7038301948276373]}]}}, "iteration:16": {"paraphrase-xlm-r-multilingual-v1": {"2": [{"avg_f1": [0.3640242017504016, 0.4305934295189436]}], "4": [{"avg_f1": [0.4095705482497935, 0.5305035713371393]}], "6": [{"avg_f1": [0.47686080817659765, 0.5860204194768217]}], "8": [{"avg_f1": [0.5830560444868279, 0.6620521613306892]}], "10": [{"avg_f1": [0.5195008354218881, 0.6133428721056372]}]}}, "iteration:17": {"paraphrase-xlm-r-multilingual-v1": {"2": [{"avg_f1": [0.3368790849673203, 0.41336918349429325]}], "4": [{"avg_f1": [0.40833578157629563, 0.4880954408827588]}], "6": [{"avg_f1": [0.5625584770229765, 0.628396087235176]}], "8": [{"avg_f1": [0.7927552390371687, 0.8102489132831703]}], "10": [{"avg_f1": [0.7749320124320125, 0.7906803395609366]}]}}, "iteration:18": {"paraphrase-xlm-r-multilingual-v1": {"2": [{"avg_f1": [0.32371993775502544, 0.4116392180021402]}], "4": [{"avg_f1": [0.4563065874837167, 0.5725029581168982]}], "6": [{"avg_f1": [0.656687651945183, 0.7110347946555575]}], "8": [{"avg_f1": [0.7169911390115994, 0.7851017176382677]}], "10": [{"avg_f1": [0.7626051238411405, 0.8170606742866632]}]}}, "iteration:19": {"paraphrase-xlm-r-multilingual-v1": {"2": [{"avg_f1": [0.25447016751364576, 0.2926182188998542]}], "4": [{"avg_f1": [0.3938225040384416, 0.5206949871104861]}], "6": [{"avg_f1": [0.5025075464381974, 0.6074807075178764]}], "8": [{"avg_f1": [0.5793191341323153, 0.6739668405392715]}], "10": [{"avg_f1": [0.6002643163684355, 0.6826025511047199]}]}}, "iteration:20": {"paraphrase-xlm-r-multilingual-v1": {"2": [{"avg_f1": [0.273842586843247, 0.3137164660657717]}], "4": [{"avg_f1": [0.3990060075425929, 0.4867970398731229]}], "6": [{"avg_f1": [0.5313624781016085, 0.643925023710877]}], "8": [{"avg_f1": [0.6450872143729286, 0.7231879066207424]}], "10": [{"avg_f1": [0.5728588249596652, 0.6921126590009068]}]}}, "iteration:21": {"paraphrase-xlm-r-multilingual-v1": {"2": [{"avg_f1": [0.33567446097518266, 0.4038965758016853]}], "4": [{"avg_f1": [0.3674302066243606, 0.494557033995475]}], "6": [{"avg_f1": [0.3674897819179081, 0.49384921524398584]}], "8": [{"avg_f1": [0.40336349113903386, 0.5266425351147578]}], "10": [{"avg_f1": [0.4179581778948138, 0.547470739619873]}]}}, "iteration:22": {"paraphrase-xlm-r-multilingual-v1": {"2": [{"avg_f1": [0.3913456956167774, 0.47834100683894015]}], "4": [{"avg_f1": [0.46175617682970627, 0.5567337641141415]}], "6": [{"avg_f1": [0.5960013273602124, 0.6945107581476443]}], "8": [{"avg_f1": [0.6226631856756081, 0.7118659212299705]}], "10": [{"avg_f1": [0.6488284348109129, 0.7129005155082528]}]}},