{"test_perc=0.15": {"iteration:1": {"paraphrase-xlm-r-multilingual-v1": {"2": [{"avg_f1": [0.36629059923643004, 0.467456509297699]}], "4": [{"avg_f1": [0.4198734124839474, 0.5271387349929368]}], "6": [{"avg_f1": [0.5160428849902535, 0.608105088592127]}], "8": [{"avg_f1": [0.6272917712171259, 0.6872417027681565]}], "10": [{"avg_f1": [0.6184514025928609, 0.6893594426389275]}]}}, "iteration:2": {"paraphrase-xlm-r-multilingual-v1": {"2": [{"avg_f1": [0.37013362866544525, 0.4511360771634235]}], "4": [{"avg_f1": [0.4383951072592047, 0.5302540470640136]}], "6": [{"avg_f1": [0.5708981691724445, 0.6235879587714523]}], "8": [{"avg_f1": [0.5282116556519796, 0.6216100487572412]}], "10": [{"avg_f1": [0.68254662004662, 0.7431331106704242]}]}}, "iteration:3": {"paraphrase-xlm-r-multilingual-v1": {"2": [{"avg_f1": [0.31145019179660394, 0.4114416513436788]}], "4": [{"avg_f1": [0.3819757998907523, 0.487707161691629]}], "6": [{"avg_f1": [0.42205617322271766, 0.5377466131726378]}], "8": [{"avg_f1": [0.47285405753147697, 0.5696537988304959]}], "10": [{"avg_f1": [0.45335409292281675, 0.5632833378688604]}]}}, "iteration:4": {"paraphrase-xlm-r-multilingual-v1": {"2": [{"avg_f1": [0.2494180887481154, 0.27342872846678895]}], "4": [{"avg_f1": [0.32130781103507067, 0.38343761124761794]}], "6": [{"avg_f1": [0.41386550692106255, 0.4814898571117477]}], "8": [{"avg_f1": [0.42513352697148643, 0.5151457927627716]}], "10": [{"avg_f1": [0.4348201189013803, 0.5388927220964729]}]}}, "iteration:5": {"paraphrase-xlm-r-multilingual-v1": {"2": [{"avg_f1": [0.37615249968191145, 0.45823659449647164]}], "4": [{"avg_f1": [0.47961630766508817, 0.5808998934044438]}], "6": [{"avg_f1": [0.5536673643816501, 0.6482712028554246]}], "8": [{"avg_f1": [0.6434347562422549, 0.721779191683631]}], "10": [{"avg_f1": [0.7495846415489272, 0.8014103833266946]}]}}, "iteration:6": {"paraphrase-xlm-r-multilingual-v1": {"2": [{"avg_f1": [0.3802198450866053, 0.4822258945597373]}], "4": [{"avg_f1": [0.4275825257602832, 0.5431809370286607]}], "6": [{"avg_f1": [0.48534043142289013, 0.582418433393705]}], "8": [{"avg_f1": [0.5101301390121266, 0.6153142427776124]}], "10": [{"avg_f1": [0.566612252556525, 0.6642696733053002]}]}}, "iteration:7": {"paraphrase-xlm-r-multilingual-v1": {"2": [{"avg_f1": [0.3925786991867075, 0.48163811772869103]}], "4": [{"avg_f1": [0.3841116954489048, 0.4823298353756528]}], "6": [{"avg_f1": [0.4763229213888677, 0.5514467960592653]}], "8": [{"avg_f1": [0.5968488449949784, 0.6644042509248201]}], "10": [{"avg_f1": [0.7345772688909945, 0.7567811645950364]}]}}, "iteration:8": {"paraphrase-xlm-r-multilingual-v1": {"2": [{"avg_f1": [0.3403735770402437, 0.433702985792538]}], "4": [{"avg_f1": [0.3497127669010922, 0.48056381387578456]}], "6": [{"avg_f1": [0.5215949049433569, 0.6514535528033919]}], "8": [{"avg_f1": [0.5738278974303819, 0.6820063325115703]}], "10": [{"avg_f1": [0.6583600717865968, 0.7412014637799254]}]}}, "iteration:9": {"paraphrase-xlm-r-multilingual-v1": {"2": [{"avg_f1": [0.3575594726910516, 0.44454772773704426]}], "4": [{"avg_f1": [0.45598568592045413, 0.5656387844027907]}], "6": [{"avg_f1": [0.5615147200034522, 0.6563803011963965]}], "8": [{"avg_f1": [0.5791265326149047, 0.6697669141265116]}], "10": [{"avg_f1": [0.5746734338408713, 0.6721808090830693]}]}}, "iteration:10": {"paraphrase-xlm-r-multilingual-v1": {"2": [{"avg_f1": [0.33785285362240786, 0.4288925239429237]}], "4": [{"avg_f1": [0.39696876399462616, 0.5003425132510311]}], "6": [{"avg_f1": [0.4949613232277956, 0.5862433330677609]}], "8": [{"avg_f1": [0.5522708133293457, 0.6470316235880523]}], "10": [{"avg_f1": [0.557043827632063, 0.6227507737604313]}]}}, "iteration:11": {"paraphrase-xlm-r-multilingual-v1": {"2": [{"avg_f1": [0.27893412893412894, 0.309434051225096]}], "4": [{"avg_f1": [0.3449440349440349, 0.4478138790079088]}], "6": [{"avg_f1": [0.47534153027381243, 0.5639068128319868]}], "8": [{"avg_f1": [0.5361511503714474, 0.594315876765633]}], "10": [{"avg_f1": [0.5595266726219107, 0.6110529090273227]}]}}, "iteration:12": {"paraphrase-xlm-r-multilingual-v1": {"2": [{"avg_f1": [0.3526434896779363, 0.43180328647363125]}], "4": [{"avg_f1": [0.39830857439734196, 0.5032106437969934]}], "6": [{"avg_f1": [0.5154400219617611, 0.6216124213366264]}], "8": [{"avg_f1": [0.6222410192147035, 0.7120268955972019]}], "10": [{"avg_f1": [0.6268105532811414, 0.7125854781254255]}]}}, "iteration:13": {"paraphrase-xlm-r-multilingual-v1": {"2": [{"avg_f1": [0.30242208672086723, 0.39041454313796875]}], "4": [{"avg_f1": [0.3727081691620699, 0.4869423567740494]}], "6": [{"avg_f1": [0.47736045122391707, 0.5681878429806455]}], "8": [{"avg_f1": [0.48703601758245746, 0.5722794291570937]}], "10": [{"avg_f1": [0.4203177380571454, 0.5117823763789169]}]}}, "iteration:14": {"paraphrase-xlm-r-multilingual-v1": {"2": [{"avg_f1": [0.23489654725153133, 0.28407897533461085]}], "4": [{"avg_f1": [0.24919273111088971, 0.2947108183135209]}], "6": [{"avg_f1": [0.42028580409061306, 0.4960306569798009]}], "8": [{"avg_f1": [0.5257025050823004, 0.585090054840885]}], "10": [{"avg_f1": [0.5677669423206949, 0.6295712535776414]}]}}, "iteration:15": {"paraphrase-xlm-r-multilingual-v1": {"2": [{"avg_f1": [0.3273744782109021, 0.39760816408619765]}], "4": [{"avg_f1": [0.4291347982283391, 0.5315730267106528]}], "6": [{"avg_f1": [0.43625832056594893, 0.5452493083636558]}], "8": [{"avg_f1": [0.46885307261729214, 0.5765922243338066]}], "10": [{"avg_f1": [0.5616462241462242, 0.6591431371282118]}]}}, "iteration:16": {"paraphrase-xlm-r-multilingual-v1": {"2": [{"avg_f1": [0.36971694622421986, 0.43016330349612664]}], "4": [{"avg_f1": [0.43559751795045915, 0.5426118706188944]}], "6": [{"avg_f1": [0.5562026749433974, 0.6734714936853675]}], "8": [{"avg_f1": [0.5975440236870811, 0.7071402687357974]}], "10": [{"avg_f1": [0.5714638439013693, 0.663774624728566]}]}}, "iteration:17": {"paraphrase-xlm-r-multilingual-v1": {"2": [{"avg_f1": [0.25032265137660975, 0.3268257081256021]}], "4": [{"avg_f1": [0.3344523505443046, 0.43381477941436764]}], "6": [{"avg_f1": [0.5214490411549236, 0.6291098804619437]}], "8": [{"avg_f1": [0.5222431077694236, 0.6195993715632364]}], "10": [{"avg_f1": [0.5208824453873958, 0.6016624796808038]}]}}, "iteration:18": {"paraphrase-xlm-r-multilingual-v1": {"2": [{"avg_f1": [0.36130848590526005, 0.45477462296191234]}], "4": [{"avg_f1": [0.3988680999834164, 0.5237095357191138]}], "6": [{"avg_f1": [0.48769841269841274, 0.5849769012082445]}], "8": [{"avg_f1": [0.5674136321195145, 0.6618943099627911]}], "10": [{"avg_f1": [0.6211973601508485, 0.6868880925354371]}]}}, "iteration:19": {"paraphrase-xlm-r-multilingual-v1": {"2": [{"avg_f1": [0.337593264223699, 0.41932813023014187]}], "4": [{"avg_f1": [0.42000818330605566, 0.5222832238154562]}], "6": [{"avg_f1": [0.5493504317033729, 0.6328706899382931]}], "8": [{"avg_f1": [0.5720369448592445, 0.6653145422712222]}], "10": [{"avg_f1": [0.5392790953299001, 0.63430489501062]}]}}, "iteration:20": {"paraphrase-xlm-r-multilingual-v1": {"2": [{"avg_f1": [0.2934324447482342, 0.3941362055069832]}], "4": [{"avg_f1": [0.39020799499522907, 0.5086422700744708]}], "6": [{"avg_f1": [0.4669330046577344, 0.5829232036770063]}], "8": [{"avg_f1": [0.5550173535175532, 0.6317608345902732]}], "10": [{"avg_f1": [0.5763224870367728, 0.6648086455122703]}]}}, "iteration:21": {"paraphrase-xlm-r-multilingual-v1": {"2": [{"avg_f1": [0.24337220640944554, 0.26423515133063336]}], "4": [{"avg_f1": [0.30591410621898424, 0.39740342475144075]}], "6": [{"avg_f1": [0.3468236744098813, 0.4313829934004921]}], "8": [{"avg_f1": [0.4115722537740887, 0.4998745894816003]}], "10": [{"avg_f1": [0.4335105747949784, 0.5133600531929985]}]}}, "iteration:22": {"paraphrase-xlm-r-multilingual-v1": {"2": [{"avg_f1": [0.34169383239726114, 0.42534441026867553]}], "4": [{"avg_f1": [0.43563237595633164, 0.530263134778919]}], "6": [{"avg_f1": [0.5246300012004597, 0.6114631350117755]}], "8": [{"avg_f1": [0.6373040444247874, 0.7142031989543657]}],