{"test_perc=0.25": {"iteration:1": {"stsb-xlm-r-multilingual": {"2": [{"avg_f1": [0.44377682787537215, 0.4970866909494043]}], "4": [{"avg_f1": [0.47749359287057275, 0.538509163997535]}], "6": [{"avg_f1": [0.46160481216660987, 0.507663927553245]}], "8": [{"avg_f1": [0.49428468357039784, 0.552022355753699]}], "10": [{"avg_f1": [0.5087505087505088, 0.5302015563209593]}]}}, "iteration:2": {"stsb-xlm-r-multilingual": {"2": [{"avg_f1": [0.35262518365493606, 0.38793771830861284]}], "4": [{"avg_f1": [0.41793107448562733, 0.4627605799772856]}], "6": [{"avg_f1": [0.4209603614776028, 0.45414438880728125]}], "8": [{"avg_f1": [0.4497608872608872, 0.45480473092413387]}], "10": [{"avg_f1": [0.4756489163357107, 0.44208075088347176]}]}}, "iteration:3": {"stsb-xlm-r-multilingual": {"2": [{"avg_f1": [0.3944655097811483, 0.4069789910867879]}], "4": [{"avg_f1": [0.38196386946386945, 0.38324418119194237]}], "6": [{"avg_f1": [0.3656187849450261, 0.38467070254939423]}], "8": [{"avg_f1": [0.39251489251489247, 0.4079891915712811]}], "10": [{"avg_f1": [0.45089599942541114, 0.48179673706451576]}]}}, "iteration:4": {"stsb-xlm-r-multilingual": {"2": [{"avg_f1": [0.42281301248692554, 0.42956705894733155]}], "4": [{"avg_f1": [0.4785837930610819, 0.4738673172102525]}], "6": [{"avg_f1": [0.4983392122281011, 0.48244360209534337]}], "8": [{"avg_f1": [0.5418611889200126, 0.5268789107682875]}], "10": [{"avg_f1": [0.5670443259916944, 0.571611503080474]}]}}, "iteration:5": {"stsb-xlm-r-multilingual": {"2": [{"avg_f1": [0.3675457028398205, 0.41776853998100705]}], "4": [{"avg_f1": [0.3797595526166955, 0.40573316756685623]}], "6": [{"avg_f1": [0.36841917828759935, 0.3573265588387348]}], "8": [{"avg_f1": [0.4001633986928104, 0.4052508948470318]}], "10": [{"avg_f1": [0.4386217486217487, 0.4132716702865957]}]}}, "iteration:6": {"stsb-xlm-r-multilingual": {"2": [{"avg_f1": [0.4081897405426817, 0.44400901020742994]}], "4": [{"avg_f1": [0.44460636956091354, 0.47517766771017245]}], "6": [{"avg_f1": [0.47619533126149566, 0.4932324848507482]}], "8": [{"avg_f1": [0.5106839562674803, 0.5288170133315118]}], "10": [{"avg_f1": [0.5474053908718156, 0.5575970721107109]}]}}, "iteration:7": {"stsb-xlm-r-multilingual": {"2": [{"avg_f1": [0.4278891593057091, 0.4611756472508812]}], "4": [{"avg_f1": [0.47832191600010554, 0.49237404684820135]}], "6": [{"avg_f1": [0.5351500386170551, 0.5488150175251588]}], "8": [{"avg_f1": [0.5435479865705147, 0.5837818328347535]}], "10": [{"avg_f1": [0.5747116975445149, 0.6088108403874773]}]}}, "iteration:8": {"stsb-xlm-r-multilingual": {"2": [{"avg_f1": [0.42870977531832555, 0.4363504278112037]}], "4": [{"avg_f1": [0.39663650075414775, 0.39778978411111865]}], "6": [{"avg_f1": [0.43163398692810456, 0.43123207491952015]}], "8": [{"avg_f1": [0.4350353781706357, 0.43011329747360966]}], "10": [{"avg_f1": [0.5038964173109801, 0.48682768387086905]}]}}, "iteration:9": {"stsb-xlm-r-multilingual": {"2": [{"avg_f1": [0.41904761904761906, 0.44477611940298506]}], "4": [{"avg_f1": [0.4575795237541722, 0.5012109189191293]}], "6": [{"avg_f1": [0.4997875582734564, 0.5086207589793077]}], "8": [{"avg_f1": [0.5039155894995693, 0.5409423805013653]}], "10": [{"avg_f1": [0.4819281907726305, 0.5160419630564133]}]}}, "iteration:10": {"stsb-xlm-r-multilingual": {"2": [{"avg_f1": [0.36417863557822994, 0.3962957356557308]}], "4": [{"avg_f1": [0.399759639585221, 0.469532246649567]}], "6": [{"avg_f1": [0.4432539682539683, 0.5082800284292821]}], "8": [{"avg_f1": [0.4333560190805528, 0.4599865148377965]}], "10": [{"avg_f1": [0.4448386762112253, 0.48900084080066525]}]}}, "iteration:11": {"stsb-xlm-r-multilingual": {"2": [{"avg_f1": [0.35255577755577755, 0.38478461836670796]}], "4": [{"avg_f1": [0.4231918021761459, 0.4580640100835191]}], "6": [{"avg_f1": [0.42153450570000367, 0.43091521570054575]}], "8": [{"avg_f1": [0.5176524079949627, 0.5019735474129837]}], "10": [{"avg_f1": [0.586388888888889, 0.5735572139303483]}]}}, "iteration:12": {"stsb-xlm-r-multilingual": {"2": [{"avg_f1": [0.3523885682998696, 0.412814356538645]}], "4": [{"avg_f1": [0.36056382545744253, 0.42988374315779837]}], "6": [{"avg_f1": [0.3495113644022501, 0.4259736737885149]}], "8": [{"avg_f1": [0.3622099372099372, 0.44258834818536313]}], "10": [{"avg_f1": [0.4917985322784085, 0.5658993474320863]}]}}, "iteration:13": {"stsb-xlm-r-multilingual": {"2": [{"avg_f1": [0.3808149907497464, 0.4091799692426029]}], "4": [{"avg_f1": [0.4446462144046685, 0.4675083642853489]}], "6": [{"avg_f1": [0.47834693686086877, 0.4852070914775965]}], "8": [{"avg_f1": [0.5407192440908366, 0.5410645676015384]}], "10": [{"avg_f1": [0.5628747585403931, 0.5665874011699066]}]}}, "iteration:14": {"stsb-xlm-r-multilingual": {"2": [{"avg_f1": [0.43594747524276817, 0.4575301071716537]}], "4": [{"avg_f1": [0.4810094357966698, 0.5066412319905492]}], "6": [{"avg_f1": [0.5225349483411029, 0.5791445589124943]}], "8": [{"avg_f1": [0.5985620543713891, 0.6449645581691411]}], "10": [{"avg_f1": [0.5831704980842912, 0.6225265911820209]}]}}, "iteration:15": {"stsb-xlm-r-multilingual": {"2": [{"avg_f1": [0.3992033317391998, 0.44200391514450704]}], "4": [{"avg_f1": [0.46320775200032166, 0.5084248893444402]}], "6": [{"avg_f1": [0.48204704440402374, 0.54257543766236]}], "8": [{"avg_f1": [0.5361144693260036, 0.5540685295642778]}], "10": [{"avg_f1": [0.5819833338486619, 0.5974682100997145]}]}}, "iteration:16": {"stsb-xlm-r-multilingual": {"2": [{"avg_f1": [0.4895166164968145, 0.5562143314544674]}], "4": [{"avg_f1": [0.4615795525950432, 0.5248163456584348]}], "6": [{"avg_f1": [0.45125845348067567, 0.5039923408082613]}], "8": [{"avg_f1": [0.4268043949121199, 0.4948881382605745]}], "10": [{"avg_f1": [0.43405055849500296, 0.5097612466766696]}]}}, "iteration:17": {"stsb-xlm-r-multilingual": {"2": [{"avg_f1": [0.40508125934992517, 0.463207980903317]}], "4": [{"avg_f1": [0.45012940210943714, 0.46657627105077215]}], "6": [{"avg_f1": [0.44698573031906363, 0.45724228783930276]}], "8": [{"avg_f1": [0.5075787281071834, 0.4944866779595575]}], "10": [{"avg_f1": [0.5623330074942978, 0.5777826410469645]}]}}, "iteration:18": {"stsb-xlm-r-multilingual": {"2": [{"avg_f1": [0.4837870727008466, 0.5272995249194878]}], "4": [{"avg_f1": [0.5157142857142857, 0.5666737739872068]}], "6": [{"avg_f1": [0.4537129054520359, 0.5408470072000248]}], "8": [{"avg_f1": [0.49000253871540994, 0.5665612531402394]}], "10": [{"avg_f1": [0.5042222863988363, 0.5870318699149611]}]}}, "iteration:19": {"stsb-xlm-r-multilingual": {"2": [{"avg_f1": [0.4151902171205373, 0.4584946311398794]}], "4": [{"avg_f1": [0.4247269657151785, 0.47115824590712896]}], "6": [{"avg_f1": [0.3828080050031269, 0.44934109938114314]}], "8": [{"avg_f1": [0.39923460309639175, 0.4553768657154169]}], "10": [{"avg_f1": [0.42798969089284705, 0.4893518742733873]}]}}, "iteration:20": {"stsb-xlm-r-multilingual": {"2": [{"avg_f1": [0.4068470180830716, 0.4256375594382243]}], "4": [{"avg_f1": [0.4602204220739181, 0.4858612948776449]}], "6": [{"avg_f1": [0.5068336425479283, 0.5583114114030958]}], "8": [{"avg_f1": [0.5128050961384295, 0.5191631199093886]}], "10": [{"avg_f1": [0.5607723342748405, 0.5836744639376218]}]}}, "iteration:21": {"stsb-xlm-r-multilingual": {"2": [{"avg_f1": [0.40955786462019167, 0.4465680470370996]}], "4": [{"avg_f1": [0.4349054441786065, 0.4708144780593362]}], "6": [{"avg_f1": [0.4320204312455378, 0.4735735022387772]}], "8": [{"avg_f1": [0.4258173824865055, 0.46597179625369556]}], "10": [{"avg_f1": [0.42569666841568815, 0.4425675792453896]}]}}, "iteration:22": {"stsb-xlm-r-multilingual": {"2": [{"avg_f1": [0.36889370065851446, 0.4005646815814469]}], "4": [{"avg_f1": [0.4098078718666954, 0.41222301549781803]}], "6": [{"avg_f1": [0.387804634524375, 0.40166034118980576]}], "8": [{"avg_f1": [0.48576579182397595, 0.49588984198481467]}], "10": [{"avg_f1": [0.5005329734377562, 0.49911834133810584]}]}}, "iteration:23": {"stsb-xlm-r-multilingual": {"2": [{"avg_f1": [0.429449626797836, 0.4573268388125704]}],