{"test_perc=0.2": {"iteration:1": {"stsb-xlm-r-multilingual": {"2": [{"avg_f1": [0.38360974274767373, 0.4253690905080509]}], "4": [{"avg_f1": [0.4363176670386039, 0.4471001825796875]}], "6": [{"avg_f1": [0.4752958298172696, 0.5098181592313603]}], "8": [{"avg_f1": [0.514419290221748, 0.5362167086103804]}], "10": [{"avg_f1": [0.570828722105318, 0.6035663394507472]}]}}, "iteration:2": {"stsb-xlm-r-multilingual": {"2": [{"avg_f1": [0.3938372965192889, 0.4068646005513393]}], "4": [{"avg_f1": [0.418787315290948, 0.45128625753620916]}], "6": [{"avg_f1": [0.381610365019976, 0.40675323644345807]}], "8": [{"avg_f1": [0.402251242336078, 0.44198528820646227]}], "10": [{"avg_f1": [0.44802027682462464, 0.5062069662978164]}]}}, "iteration:3": {"stsb-xlm-r-multilingual": {"2": [{"avg_f1": [0.3844135802469135, 0.4455983969043671]}], "4": [{"avg_f1": [0.4429975371791229, 0.49167483129959744]}], "6": [{"avg_f1": [0.449619878254332, 0.5080805863729482]}], "8": [{"avg_f1": [0.4857887599484238, 0.5294187326671962]}], "10": [{"avg_f1": [0.43403330630497816, 0.4983826857530129]}]}}, "iteration:4": {"stsb-xlm-r-multilingual": {"2": [{"avg_f1": [0.394978060389707, 0.459428093801408]}], "4": [{"avg_f1": [0.4429657490762436, 0.4677069905947715]}], "6": [{"avg_f1": [0.4948919884354681, 0.4753803584533222]}], "8": [{"avg_f1": [0.5330240429505135, 0.5032491952004683]}], "10": [{"avg_f1": [0.5493271167148236, 0.4930685030325127]}]}}, "iteration:5": {"stsb-xlm-r-multilingual": {"2": [{"avg_f1": [0.3996771793659654, 0.4069256380162255]}], "4": [{"avg_f1": [0.43410465223172867, 0.42435498290050283]}], "6": [{"avg_f1": [0.4319268760135633, 0.4232129489659179]}], "8": [{"avg_f1": [0.46498479687249955, 0.4645106694869768]}], "10": [{"avg_f1": [0.5044676130797566, 0.5123445155796187]}]}}, "iteration:6": {"stsb-xlm-r-multilingual": {"2": [{"avg_f1": [0.35680824343615036, 0.38105010805462036]}], "4": [{"avg_f1": [0.3817740360390088, 0.3872603565157131]}], "6": [{"avg_f1": [0.4079007931991923, 0.40337158158230235]}], "8": [{"avg_f1": [0.4758767346789125, 0.4647785655126446]}], "10": [{"avg_f1": [0.5177061553601306, 0.5036511173137671]}]}}, "iteration:7": {"stsb-xlm-r-multilingual": {"2": [{"avg_f1": [0.34897069625751803, 0.38005115200533446]}], "4": [{"avg_f1": [0.403928662398685, 0.4042819971469226]}], "6": [{"avg_f1": [0.429044235135817, 0.4382721159989306]}], "8": [{"avg_f1": [0.426354638330331, 0.44273473998864926]}], "10": [{"avg_f1": [0.439936326742298, 0.4181225988707193]}]}}, "iteration:8": {"stsb-xlm-r-multilingual": {"2": [{"avg_f1": [0.4227186525058865, 0.45891020168568597]}], "4": [{"avg_f1": [0.3884727631856364, 0.4116399923880051]}], "6": [{"avg_f1": [0.4231588138309795, 0.44809910904487055]}], "8": [{"avg_f1": [0.43262395176494156, 0.45041951806448655]}], "10": [{"avg_f1": [0.4863365772047426, 0.4897913069267492]}]}}, "iteration:9": {"stsb-xlm-r-multilingual": {"2": [{"avg_f1": [0.4670629291905888, 0.5067163675039191]}], "4": [{"avg_f1": [0.45491904231034663, 0.51422172463055]}], "6": [{"avg_f1": [0.5000822869922301, 0.5627750908744669]}], "8": [{"avg_f1": [0.5136978368250723, 0.5901948611566593]}], "10": [{"avg_f1": [0.5266046589576001, 0.5884416529719427]}]}}, "iteration:10": {"stsb-xlm-r-multilingual": {"2": [{"avg_f1": [0.3768484149776803, 0.3956435129727639]}], "4": [{"avg_f1": [0.46474685580132863, 0.49400426405953496]}], "6": [{"avg_f1": [0.443452380952381, 0.5222370291400142]}], "8": [{"avg_f1": [0.46979522829533354, 0.5563084256247888]}], "10": [{"avg_f1": [0.4879557780559032, 0.5770582631274167]}]}}, "iteration:11": {"stsb-xlm-r-multilingual": {"2": [{"avg_f1": [0.39414081829916087, 0.4099264204039991]}], "4": [{"avg_f1": [0.44093281423068653, 0.47705176320451015]}], "6": [{"avg_f1": [0.4672147760706113, 0.5065308143818339]}], "8": [{"avg_f1": [0.4875551414147905, 0.53746863011592]}], "10": [{"avg_f1": [0.46867174220115393, 0.5157980834890404]}]}}, "iteration:12": {"stsb-xlm-r-multilingual": {"2": [{"avg_f1": [0.39057239057239057, 0.4466681742801146]}], "4": [{"avg_f1": [0.4642736988325224, 0.5324587317783103]}], "6": [{"avg_f1": [0.4388777816427001, 0.5044586015303671]}], "8": [{"avg_f1": [0.437659898453217, 0.5079986254901703]}], "10": [{"avg_f1": [0.4885835670108168, 0.5590981301662545]}]}}, "iteration:13": {"stsb-xlm-r-multilingual": {"2": [{"avg_f1": [0.3783512660841853, 0.3749018224544321]}], "4": [{"avg_f1": [0.36336735021340777, 0.36376282638027735]}], "6": [{"avg_f1": [0.41938178780284047, 0.4356039352111623]}], "8": [{"avg_f1": [0.40615585352347533, 0.41654371692242875]}], "10": [{"avg_f1": [0.45222460222859967, 0.4802816873688531]}]}}, "iteration:14": {"stsb-xlm-r-multilingual": {"2": [{"avg_f1": [0.39950887000870444, 0.4318695389871782]}], "4": [{"avg_f1": [0.4447824868053778, 0.46287224061795096]}], "6": [{"avg_f1": [0.4193988218988219, 0.4336114127905173]}], "8": [{"avg_f1": [0.4335748792270531, 0.4475881462253947]}], "10": [{"avg_f1": [0.477301105814756, 0.5035584751383915]}]}}, "iteration:15": {"stsb-xlm-r-multilingual": {"2": [{"avg_f1": [0.44667585357240536, 0.5011592573610072]}], "4": [{"avg_f1": [0.45904929294611607, 0.520177960029707]}], "6": [{"avg_f1": [0.4532845631019147, 0.5042452593669113]}], "8": [{"avg_f1": [0.5258942019450866, 0.5255679667130768]}], "10": [{"avg_f1": [0.5339506172839507, 0.5443338861249308]}]}}, "iteration:16": {"stsb-xlm-r-multilingual": {"2": [{"avg_f1": [0.42665495765417094, 0.4512309823934235]}], "4": [{"avg_f1": [0.4155784469438732, 0.43705725360305414]}], "6": [{"avg_f1": [0.4370771307087584, 0.4790631913731544]}], "8": [{"avg_f1": [0.3772458010590532, 0.4713763527140605]}], "10": [{"avg_f1": [0.4078406900394566, 0.48608606297598483]}]}}, "iteration:17": {"stsb-xlm-r-multilingual": {"2": [{"avg_f1": [0.37786363182589594, 0.4072262228837841]}], "4": [{"avg_f1": [0.4527237672018229, 0.4828477515397001]}], "6": [{"avg_f1": [0.4405569074409157, 0.46279630114231984]}], "8": [{"avg_f1": [0.4502145919207213, 0.4735199793382005]}], "10": [{"avg_f1": [0.5458435083435084, 0.5920147431341461]}]}}, "iteration:18": {"stsb-xlm-r-multilingual": {"2": [{"avg_f1": [0.3822419253969214, 0.4327318500398811]}], "4": [{"avg_f1": [0.42310760971666883, 0.459020369109961]}], "6": [{"avg_f1": [0.4294123203970402, 0.4467018621388537]}], "8": [{"avg_f1": [0.45529292882733413, 0.47986453500926474]}], "10": [{"avg_f1": [0.48257349723515136, 0.5008949167517229]}]}}, "iteration:19": {"stsb-xlm-r-multilingual": {"2": [{"avg_f1": [0.4000475457900688, 0.4261788984438307]}], "4": [{"avg_f1": [0.4418118375876996, 0.47405180768793737]}], "6": [{"avg_f1": [0.44277341705913137, 0.47484664589142206]}], "8": [{"avg_f1": [0.49915824915824913, 0.5195235941504598]}], "10": [{"avg_f1": [0.5683407481257315, 0.5614075835787965]}]}}, "iteration:20": {"stsb-xlm-r-multilingual": {"2": [{"avg_f1": [0.4826444996375872, 0.5068190601841471]}], "4": [{"avg_f1": [0.4563888888888889, 0.5025248756218906]}], "6": [{"avg_f1": [0.38207547169811323, 0.4480795366889915]}], "8": [{"avg_f1": [0.41517823976890084, 0.4799517441326589]}], "10": [{"avg_f1": [0.4328773423543553, 0.49132107610563436]}]}}, "iteration:21": {"stsb-xlm-r-multilingual": {"2": [{"avg_f1": [0.4055191455605153, 0.4740885175591867]}], "4": [{"avg_f1": [0.4449414163699878, 0.4996251256379189]}], "6": [{"avg_f1": [0.4686670594598983, 0.5346766449182756]}], "8": [{"avg_f1": [0.5105717067742384, 0.5377099756468735]}], "10": [{"avg_f1": [0.5175228360141927, 0.5392398746190292]}]}}, "iteration:22": {"stsb-xlm-r-multilingual": {"2": [{"avg_f1": [0.39535374755963, 0.4542741316336576]}], "4": [{"avg_f1": [0.4052002899418814, 0.43733586063976776]}], "6": [{"avg_f1": [0.5062858098882943, 0.537574692748513]}], "8": [{"avg_f1": [0.5223649208110918, 0.5507739564426165]}], "10": [{"avg_f1": [0.5129432001171131, 0.5395991714680878]}]}}, "iteration:23": {"stsb-xlm-r-multilingual": {"2": [{"avg_f1": [0.4221177290142808, 0.47313276875809046]}], "4": [{"avg_f1": [0.4622504785343177, 0.5150837282006702]}],