{"test_perc=0.3": {"iteration:1": {"paraphrase-xlm-r-multilingual-v1": {"2": [{"avg_f1": [0.2820444528932006, 0.3495474194740636]}], "4": [{"avg_f1": [0.37647242270337705, 0.4750766160034972]}], "6": [{"avg_f1": [0.4433666570076306, 0.5326137351492323]}], "8": [{"avg_f1": [0.47335268573586337, 0.5571953317524527]}], "10": [{"avg_f1": [0.47155737873460407, 0.5573277128023445]}]}}, "iteration:2": {"paraphrase-xlm-r-multilingual-v1": {"2": [{"avg_f1": [0.34930091044221473, 0.40389191167906285]}], "4": [{"avg_f1": [0.38971409137817803, 0.45396569432600575]}], "6": [{"avg_f1": [0.5753685238538062, 0.6224573119335607]}], "8": [{"avg_f1": [0.6371699540232886, 0.6856218336919381]}], "10": [{"avg_f1": [0.7338756236271764, 0.7645279004785818]}]}}, "iteration:3": {"paraphrase-xlm-r-multilingual-v1": {"2": [{"avg_f1": [0.3113578608388581, 0.3817499917088733]}], "4": [{"avg_f1": [0.4682850131401847, 0.5597498391979119]}], "6": [{"avg_f1": [0.4872897925907502, 0.58641795994533]}], "8": [{"avg_f1": [0.47509999681691045, 0.6039640086422017]}], "10": [{"avg_f1": [0.5133188736933895, 0.6291770805893048]}]}}, "iteration:4": {"paraphrase-xlm-r-multilingual-v1": {"2": [{"avg_f1": [0.27930309520498303, 0.35536711595956505]}], "4": [{"avg_f1": [0.3768681824589532, 0.5009108494839701]}], "6": [{"avg_f1": [0.4837240537240537, 0.6075764036958067]}], "8": [{"avg_f1": [0.5484732338357509, 0.6470426364866613]}], "10": [{"avg_f1": [0.5523397889149068, 0.651305221465794]}]}}, "iteration:5": {"paraphrase-xlm-r-multilingual-v1": {"2": [{"avg_f1": [0.2741013465160982, 0.2591969100182758]}], "4": [{"avg_f1": [0.5189580863179417, 0.5410084486060842]}], "6": [{"avg_f1": [0.6061486303204974, 0.6298719553334197]}], "8": [{"avg_f1": [0.6059156785243742, 0.6385469883782668]}], "10": [{"avg_f1": [0.6186903541976005, 0.6614647760007916]}]}}, "iteration:6": {"paraphrase-xlm-r-multilingual-v1": {"2": [{"avg_f1": [0.2386146943462463, 0.2669232123932769]}], "4": [{"avg_f1": [0.3321541472226403, 0.39620458598172764]}], "6": [{"avg_f1": [0.3596741943888176, 0.43495850504257594]}], "8": [{"avg_f1": [0.40186365310540567, 0.48114970742363106]}], "10": [{"avg_f1": [0.54866452991453, 0.6111557596632224]}]}}, "iteration:7": {"paraphrase-xlm-r-multilingual-v1": {"2": [{"avg_f1": [0.335848252344416, 0.41844549630364797]}], "4": [{"avg_f1": [0.342056287604682, 0.4546875346800579]}], "6": [{"avg_f1": [0.3983974730242974, 0.5255049172064741]}], "8": [{"avg_f1": [0.503601871101871, 0.6251082942873989]}], "10": [{"avg_f1": [0.5831941206941207, 0.6924900555497571]}]}}, "iteration:8": {"paraphrase-xlm-r-multilingual-v1": {"2": [{"avg_f1": [0.39098893084941677, 0.4721861593597015]}], "4": [{"avg_f1": [0.3473028157479377, 0.4563616019340445]}], "6": [{"avg_f1": [0.4550794721847353, 0.5501201818169611]}], "8": [{"avg_f1": [0.5682737076779992, 0.638466782766635]}], "10": [{"avg_f1": [0.6376340427471695, 0.6855351701378806]}]}}, "iteration:9": {"paraphrase-xlm-r-multilingual-v1": {"2": [{"avg_f1": [0.23153544085656977, 0.2373108269989994]}], "4": [{"avg_f1": [0.3774495932017395, 0.4242576611415508]}], "6": [{"avg_f1": [0.5293867513189091, 0.6234430658693109]}], "8": [{"avg_f1": [0.6310864864796235, 0.7130911790431937]}], "10": [{"avg_f1": [0.5820243567921587, 0.6729883412338012]}]}}, "iteration:10": {"paraphrase-xlm-r-multilingual-v1": {"2": [{"avg_f1": [0.22255312389720996, 0.24163815018412993]}], "4": [{"avg_f1": [0.3394947448138938, 0.44494326286958874]}], "6": [{"avg_f1": [0.3897901075635845, 0.5153214052663435]}], "8": [{"avg_f1": [0.4544871794871794, 0.5603425181783391]}], "10": [{"avg_f1": [0.5180908322435198, 0.6299681422775183]}]}}, "iteration:11": {"paraphrase-xlm-r-multilingual-v1": {"2": [{"avg_f1": [0.3146439294068604, 0.3691160181124154]}], "4": [{"avg_f1": [0.4358066578934296, 0.5518792680606455]}], "6": [{"avg_f1": [0.6461416789364318, 0.7133994028473001]}], "8": [{"avg_f1": [0.7901372997711671, 0.8379563851224426]}], "10": [{"avg_f1": [0.802779611169704, 0.8467126416703609]}]}}, "iteration:12": {"paraphrase-xlm-r-multilingual-v1": {"2": [{"avg_f1": [0.38116792695937196, 0.45333268695052326]}], "4": [{"avg_f1": [0.4613249657832525, 0.5614161485406117]}], "6": [{"avg_f1": [0.46393591366732984, 0.5658716995597164]}], "8": [{"avg_f1": [0.5507395982939461, 0.6380652432120634]}], "10": [{"avg_f1": [0.555629469287671, 0.6291384007054113]}]}}, "iteration:13": {"paraphrase-xlm-r-multilingual-v1": {"2": [{"avg_f1": [0.3278568080170781, 0.4146355500053502]}], "4": [{"avg_f1": [0.38275878582307815, 0.4906246142929286]}], "6": [{"avg_f1": [0.43993445278903437, 0.5434683396562865]}], "8": [{"avg_f1": [0.5667013167013167, 0.6309781006609365]}], "10": [{"avg_f1": [0.5681872830210426, 0.6355002659159623]}]}}, "iteration:14": {"paraphrase-xlm-r-multilingual-v1": {"2": [{"avg_f1": [0.3093451334586086, 0.3873505721076378]}], "4": [{"avg_f1": [0.4162078398387476, 0.5301551032262815]}], "6": [{"avg_f1": [0.47560850581367303, 0.5910257705668948]}], "8": [{"avg_f1": [0.5544646705278756, 0.6462256126688684]}], "10": [{"avg_f1": [0.5808597883597885, 0.6713231461738924]}]}}, "iteration:15": {"paraphrase-xlm-r-multilingual-v1": {"2": [{"avg_f1": [0.262021002210759, 0.32146196064628957]}], "4": [{"avg_f1": [0.3659061562195802, 0.4603609162960249]}], "6": [{"avg_f1": [0.5381942980000388, 0.6375572219499029]}], "8": [{"avg_f1": [0.5969335358870244, 0.6884543972360704]}], "10": [{"avg_f1": [0.6118397262840239, 0.7113779740631605]}]}}, "iteration:16": {"paraphrase-xlm-r-multilingual-v1": {"2": [{"avg_f1": [0.33489665263120644, 0.3786150012045705]}], "4": [{"avg_f1": [0.4595070619378812, 0.5660326689936104]}], "6": [{"avg_f1": [0.5074006399460178, 0.5939710852987442]}], "8": [{"avg_f1": [0.4907808410785499, 0.5747984344489684]}], "10": [{"avg_f1": [0.5837013648268542, 0.6556500232836718]}]}}, "iteration:17": {"paraphrase-xlm-r-multilingual-v1": {"2": [{"avg_f1": [0.3446115288220551, 0.4220127433010386]}], "4": [{"avg_f1": [0.4321797544257473, 0.5170439822112664]}], "6": [{"avg_f1": [0.4574014326573075, 0.5287817034325489]}], "8": [{"avg_f1": [0.5144957694534475, 0.5636458079916986]}], "10": [{"avg_f1": [0.4800276520864757, 0.5523243510952027]}]}}, "iteration:18": {"paraphrase-xlm-r-multilingual-v1": {"2": [{"avg_f1": [0.3531933235509905, 0.4332478838383285]}], "4": [{"avg_f1": [0.3930106133362436, 0.49654302019315183]}], "6": [{"avg_f1": [0.4977477477477478, 0.5977655160490981]}], "8": [{"avg_f1": [0.61220823798627, 0.680502066327402]}], "10": [{"avg_f1": [0.6109697306375047, 0.6931851004315923]}]}}, "iteration:19": {"paraphrase-xlm-r-multilingual-v1": {"2": [{"avg_f1": [0.3613223488960999, 0.4179905626514587]}], "4": [{"avg_f1": [0.404037408386876, 0.5213457347054257]}], "6": [{"avg_f1": [0.47632047515048453, 0.5911556716075057]}], "8": [{"avg_f1": [0.57794944746825, 0.6551945615810114]}], "10": [{"avg_f1": [0.6312678062678063, 0.6804607912816868]}]}}, "iteration:20": {"paraphrase-xlm-r-multilingual-v1": {"2": [{"avg_f1": [0.3161716370049703, 0.38328828440768736]}], "4": [{"avg_f1": [0.35629969159380925, 0.4527228892461552]}], "6": [{"avg_f1": [0.4102265645776524, 0.5188586592277067]}], "8": [{"avg_f1": [0.5148040118270204, 0.5950280889636588]}], "10": [{"avg_f1": [0.7173488686254643, 0.7745739388165556]}]}}, "iteration:21": {"paraphrase-xlm-r-multilingual-v1": {"2": [{"avg_f1": [0.3434501536355041, 0.40954917707302085]}], "4": [{"avg_f1": [0.4253357753357754, 0.5216855284019464]}], "6": [{"avg_f1": [0.478167218086573, 0.5691841660185425]}], "8": [{"avg_f1": [0.5503204991474471, 0.6549133325472786]}], "10": [{"avg_f1": [0.6488901016813308, 0.7054207637319231]}]}}, "iteration:22": {"paraphrase-xlm-r-multilingual-v1": {"2": [{"avg_f1": [0.3673780569408816, 0.4765951249196935]}], "4": [{"avg_f1": [0.41126229270392484, 0.5441771038476707]}], "6": [{"avg_f1": [0.4550564919975329, 0.5835004885545138]}], "8": [{"avg_f1": [0.6543805400948258, 0.7643170972595279]}], "10": [{"avg_f1": [0.6194644242389061, 0.7128442469730747]}]}},