{"test_perc=0.2": {"iteration:1": {"paraphrase-xlm-r-multilingual-v1": {"2": [{"avg_f1": [0.3196551491169986, 0.41246365947024216]}], "4": [{"avg_f1": [0.5336946821214946, 0.6494263569012941]}], "6": [{"avg_f1": [0.5752611673211575, 0.6635420379248425]}], "8": [{"avg_f1": [0.5980669800288737, 0.7012172910905392]}], "10": [{"avg_f1": [0.5389624536683361, 0.6593152141001131]}]}}, "iteration:2": {"paraphrase-xlm-r-multilingual-v1": {"2": [{"avg_f1": [0.29776641602198717, 0.389863735141153]}], "4": [{"avg_f1": [0.3953577127770676, 0.529040768785593]}], "6": [{"avg_f1": [0.6889034932103346, 0.7276881967609298]}], "8": [{"avg_f1": [0.6839623497233446, 0.7206342328089109]}], "10": [{"avg_f1": [0.6617748917748918, 0.7122278219293144]}]}}, "iteration:3": {"paraphrase-xlm-r-multilingual-v1": {"2": [{"avg_f1": [0.38127988127988127, 0.46685193700119076]}], "4": [{"avg_f1": [0.4918005214027415, 0.6212269742030744]}], "6": [{"avg_f1": [0.54527172174231, 0.6381891447738683]}], "8": [{"avg_f1": [0.6321022379845909, 0.6942093981602322]}], "10": [{"avg_f1": [0.7095497798869391, 0.7198486241126341]}]}}, "iteration:4": {"paraphrase-xlm-r-multilingual-v1": {"2": [{"avg_f1": [0.3499888210414526, 0.4125375579813914]}], "4": [{"avg_f1": [0.45442798099843934, 0.5406135705175312]}], "6": [{"avg_f1": [0.651267992300601, 0.7210495810836498]}], "8": [{"avg_f1": [0.8373956421828762, 0.8582605496546432]}], "10": [{"avg_f1": [0.8648323702945553, 0.8889916838054303]}]}}, "iteration:5": {"paraphrase-xlm-r-multilingual-v1": {"2": [{"avg_f1": [0.36461512676118785, 0.44671451983723676]}], "4": [{"avg_f1": [0.43361405773330625, 0.5608620740354247]}], "6": [{"avg_f1": [0.5566087207614808, 0.64968530932597]}], "8": [{"avg_f1": [0.578404137806118, 0.661964222460032]}], "10": [{"avg_f1": [0.6191706904472862, 0.6787064295162104]}]}}, "iteration:6": {"paraphrase-xlm-r-multilingual-v1": {"2": [{"avg_f1": [0.3844132091958179, 0.4412342068020199]}], "4": [{"avg_f1": [0.46710378640203204, 0.5750302183923551]}], "6": [{"avg_f1": [0.5670957357615865, 0.6593768751572145]}], "8": [{"avg_f1": [0.5702366343070439, 0.6478593980331726]}], "10": [{"avg_f1": [0.4586682222798375, 0.5509734191371377]}]}}, "iteration:7": {"paraphrase-xlm-r-multilingual-v1": {"2": [{"avg_f1": [0.5503956794121813, 0.6305927106528986]}], "4": [{"avg_f1": [0.6726855791442482, 0.7498348872785692]}], "6": [{"avg_f1": [0.7172995620364041, 0.7750393056363206]}], "8": [{"avg_f1": [0.6220415702512889, 0.6648637824154106]}], "10": [{"avg_f1": [0.6323477295344303, 0.6695637828591984]}]}}, "iteration:8": {"paraphrase-xlm-r-multilingual-v1": {"2": [{"avg_f1": [0.4081667881814899, 0.4578265019446391]}], "4": [{"avg_f1": [0.45248988484282604, 0.5700328887774014]}], "6": [{"avg_f1": [0.625884201451817, 0.7346132347218541]}], "8": [{"avg_f1": [0.6925153098933587, 0.7357686149550002]}], "10": [{"avg_f1": [0.6283660783660784, 0.6655250222414403]}]}}, "iteration:9": {"paraphrase-xlm-r-multilingual-v1": {"2": [{"avg_f1": [0.42900511007838144, 0.5507943056300341]}], "4": [{"avg_f1": [0.44816176470588237, 0.5587822442409799]}], "6": [{"avg_f1": [0.4619914271660459, 0.5819991462825007]}], "8": [{"avg_f1": [0.6056909870589761, 0.6890231957957625]}], "10": [{"avg_f1": [0.5924019607843137, 0.6701900163050295]}]}}, "iteration:10": {"paraphrase-xlm-r-multilingual-v1": {"2": [{"avg_f1": [0.3082885742415511, 0.3460451635735541]}], "4": [{"avg_f1": [0.3880647130647131, 0.4817451205510907]}], "6": [{"avg_f1": [0.4255609832446415, 0.5215304230777836]}], "8": [{"avg_f1": [0.43546659884845784, 0.5421783689504437]}], "10": [{"avg_f1": [0.4515109999017875, 0.554116106462443]}]}}, "iteration:11": {"paraphrase-xlm-r-multilingual-v1": {"2": [{"avg_f1": [0.32896377683442674, 0.41891689652800673]}], "4": [{"avg_f1": [0.40308350803633824, 0.532076253950374]}], "6": [{"avg_f1": [0.5839456607917184, 0.6772630516452085]}], "8": [{"avg_f1": [0.7786452762923352, 0.8432330326974752]}], "10": [{"avg_f1": [0.7553343887902076, 0.8058139745665949]}]}}, "iteration:12": {"paraphrase-xlm-r-multilingual-v1": {"2": [{"avg_f1": [0.37073477150313733, 0.47102683111180726]}], "4": [{"avg_f1": [0.43914238523345056, 0.5701968819563834]}], "6": [{"avg_f1": [0.5410320543653877, 0.6513913836301897]}], "8": [{"avg_f1": [0.7274637127578304, 0.7886959397055974]}], "10": [{"avg_f1": [0.8569969128792659, 0.8793440436548426]}]}}, "iteration:13": {"paraphrase-xlm-r-multilingual-v1": {"2": [{"avg_f1": [0.36956033059327503, 0.4464384829014153]}], "4": [{"avg_f1": [0.441552492055588, 0.5557698985856188]}], "6": [{"avg_f1": [0.459107024452293, 0.5940930168303531]}], "8": [{"avg_f1": [0.5068089554662445, 0.6341729423761717]}], "10": [{"avg_f1": [0.528722543602917, 0.6668721631923518]}]}}, "iteration:14": {"paraphrase-xlm-r-multilingual-v1": {"2": [{"avg_f1": [0.3860735536703193, 0.4702628823011138]}], "4": [{"avg_f1": [0.4749129868950697, 0.5880599725262191]}], "6": [{"avg_f1": [0.5332661719658623, 0.6460577108560104]}], "8": [{"avg_f1": [0.558290713518216, 0.6683909559562639]}], "10": [{"avg_f1": [0.5878561253561253, 0.6938927159076412]}]}}, "iteration:15": {"paraphrase-xlm-r-multilingual-v1": {"2": [{"avg_f1": [0.3047917738671058, 0.37488611720210757]}], "4": [{"avg_f1": [0.2919515598830164, 0.3947234342254346]}], "6": [{"avg_f1": [0.3760494617157551, 0.47495339385830937]}], "8": [{"avg_f1": [0.37552394146064216, 0.4861394752579812]}], "10": [{"avg_f1": [0.3673247408619749, 0.48807649559078586]}]}}, "iteration:16": {"paraphrase-xlm-r-multilingual-v1": {"2": [{"avg_f1": [0.2956788719687952, 0.39750989426561684]}], "4": [{"avg_f1": [0.37438672438672443, 0.48674535728738394]}], "6": [{"avg_f1": [0.411596657633243, 0.5006527322735914]}], "8": [{"avg_f1": [0.4124612987285798, 0.5187843610486157]}], "10": [{"avg_f1": [0.4969388703084355, 0.5387439890846769]}]}}, "iteration:17": {"paraphrase-xlm-r-multilingual-v1": {"2": [{"avg_f1": [0.3233006663273556, 0.40291986995840817]}], "4": [{"avg_f1": [0.44924334924334924, 0.5383478876016189]}], "6": [{"avg_f1": [0.6834337944664032, 0.7280189221874815]}], "8": [{"avg_f1": [0.7649431314027587, 0.8086297760210802]}], "10": [{"avg_f1": [0.7098655930043399, 0.7610917796578672]}]}}, "iteration:18": {"paraphrase-xlm-r-multilingual-v1": {"2": [{"avg_f1": [0.36270708130013213, 0.44720407042239324]}], "4": [{"avg_f1": [0.38278120514962627, 0.48960890074401464]}], "6": [{"avg_f1": [0.46347862377274146, 0.5719812574509677]}], "8": [{"avg_f1": [0.4255916176846409, 0.5351853561225307]}], "10": [{"avg_f1": [0.4718486023679463, 0.5740092386653526]}]}}, "iteration:19": {"paraphrase-xlm-r-multilingual-v1": {"2": [{"avg_f1": [0.333651623416426, 0.38144640530182194]}], "4": [{"avg_f1": [0.4714658143898076, 0.5648127441678122]}], "6": [{"avg_f1": [0.562904320475099, 0.6556715388025848]}], "8": [{"avg_f1": [0.6076118788884747, 0.6848907095810874]}], "10": [{"avg_f1": [0.6433545229567431, 0.7210982780135169]}]}}, "iteration:20": {"paraphrase-xlm-r-multilingual-v1": {"2": [{"avg_f1": [0.3695767195767196, 0.39908250953027075]}], "4": [{"avg_f1": [0.42017083389237087, 0.5082821438492089]}], "6": [{"avg_f1": [0.5359323159662464, 0.6101911912135904]}], "8": [{"avg_f1": [0.6708526256215972, 0.7101995302584907]}], "10": [{"avg_f1": [0.7313771603843797, 0.7702652260171878]}]}}, "iteration:21": {"paraphrase-xlm-r-multilingual-v1": {"2": [{"avg_f1": [0.2940256910845146, 0.397693224734489]}], "4": [{"avg_f1": [0.4071854059725497, 0.5063341797047434]}], "6": [{"avg_f1": [0.49629256787519754, 0.5816432084052399]}], "8": [{"avg_f1": [0.5958822872466204, 0.6659291435258305]}], "10": [{"avg_f1": [0.5673007449323239, 0.6420199873656275]}]}}, "iteration:22": {"paraphrase-xlm-r-multilingual-v1": {"2": [{"avg_f1": [0.33647252565658636, 0.41894619420462686]}], "4": [{"avg_f1": [0.3675773405526323, 0.47564994747151906]}], "6": [{"avg_f1": [0.43736573883632707, 0.5237612840773509]}], "8": [{"avg_f1": [0.46687781360702246, 0.5540480685458131]}], "10": [{"avg_f1": [0.46874741843480877, 0.557355079818959]}]}},