{"test_perc=0.3": {"iteration:1": {"stsb-xlm-r-multilingual": {"2": [{"avg_f1": [0.4008272475393566, 0.4436958104805715]}], "4": [{"avg_f1": [0.446521021789839, 0.5041749554947939]}], "6": [{"avg_f1": [0.49439674837211234, 0.5337467199277967]}], "8": [{"avg_f1": [0.4979892994898593, 0.5642388282551409]}], "10": [{"avg_f1": [0.49353864734299524, 0.5336848366861345]}]}}, "iteration:2": {"stsb-xlm-r-multilingual": {"2": [{"avg_f1": [0.4017990627335979, 0.4266979961328428]}], "4": [{"avg_f1": [0.41513825024463324, 0.4365128802251699]}], "6": [{"avg_f1": [0.4232959221848111, 0.4551689364624688]}], "8": [{"avg_f1": [0.42070863433092537, 0.4670675811565789]}], "10": [{"avg_f1": [0.4408649991983325, 0.4854922716863015]}]}}, "iteration:3": {"stsb-xlm-r-multilingual": {"2": [{"avg_f1": [0.39098951730530684, 0.3900857630629822]}], "4": [{"avg_f1": [0.4471746287352176, 0.48132977479889233]}], "6": [{"avg_f1": [0.4194979530273648, 0.47260288730876965]}], "8": [{"avg_f1": [0.4219642591530142, 0.46296872874107187]}], "10": [{"avg_f1": [0.4588017346638036, 0.5003921280298017]}]}}, "iteration:4": {"stsb-xlm-r-multilingual": {"2": [{"avg_f1": [0.34008587931296547, 0.3508725183929872]}], "4": [{"avg_f1": [0.3828162578162579, 0.39807725442053804]}], "6": [{"avg_f1": [0.3320096729350675, 0.347314805011972]}], "8": [{"avg_f1": [0.35605197271863936, 0.399916114841488]}], "10": [{"avg_f1": [0.37114798781465447, 0.3873906082861307]}]}}, "iteration:5": {"stsb-xlm-r-multilingual": {"2": [{"avg_f1": [0.37140323198553876, 0.37262776177385654]}], "4": [{"avg_f1": [0.3881060606060607, 0.41197761194029847]}], "6": [{"avg_f1": [0.39488888574767395, 0.4400781064483735]}], "8": [{"avg_f1": [0.3979159731905897, 0.4533833553656753]}], "10": [{"avg_f1": [0.41782820462711023, 0.4742519868599457]}]}}, "iteration:6": {"stsb-xlm-r-multilingual": {"2": [{"avg_f1": [0.37906619127072405, 0.4056570644710659]}], "4": [{"avg_f1": [0.34066047784188713, 0.4004622067075914]}], "6": [{"avg_f1": [0.3588820415935705, 0.40492613178988335]}], "8": [{"avg_f1": [0.40072669200031613, 0.43994251700431936]}], "10": [{"avg_f1": [0.4448305164762534, 0.4682328138365861]}]}}, "iteration:7": {"stsb-xlm-r-multilingual": {"2": [{"avg_f1": [0.4193699088830935, 0.4623764976912021]}], "4": [{"avg_f1": [0.3937930295680943, 0.43499335908267944]}], "6": [{"avg_f1": [0.37376436781609196, 0.41578615542974784]}], "8": [{"avg_f1": [0.4030822618509186, 0.4270271172727177]}], "10": [{"avg_f1": [0.40818968935989774, 0.4244484855463505]}]}}, "iteration:8": {"stsb-xlm-r-multilingual": {"2": [{"avg_f1": [0.39331398041075466, 0.4118397445311263]}], "4": [{"avg_f1": [0.4218880534670008, 0.4289642015486477]}], "6": [{"avg_f1": [0.4037290452384792, 0.4428957568918144]}], "8": [{"avg_f1": [0.4362238175902773, 0.4557359207030108]}], "10": [{"avg_f1": [0.40877549128661467, 0.4374586605349227]}]}}, "iteration:9": {"stsb-xlm-r-multilingual": {"2": [{"avg_f1": [0.3841900949495886, 0.424980374706428]}], "4": [{"avg_f1": [0.45074556424247764, 0.46846105865379384]}], "6": [{"avg_f1": [0.4114819519060778, 0.47304134312048]}], "8": [{"avg_f1": [0.4067925331051961, 0.47124606507554123]}], "10": [{"avg_f1": [0.4613507625272332, 0.5247605111696421]}]}}, "iteration:10": {"stsb-xlm-r-multilingual": {"2": [{"avg_f1": [0.38559676845094587, 0.40369308302604984]}], "4": [{"avg_f1": [0.41632049500864216, 0.44924087782724653]}], "6": [{"avg_f1": [0.43882994400235775, 0.4617535663855788]}], "8": [{"avg_f1": [0.4672186366709694, 0.47931942720474713]}], "10": [{"avg_f1": [0.5439666061536373, 0.5594528687168869]}]}}, "iteration:11": {"stsb-xlm-r-multilingual": {"2": [{"avg_f1": [0.37686558003137155, 0.3914415452089422]}], "4": [{"avg_f1": [0.4021956569008385, 0.4171856195919915]}], "6": [{"avg_f1": [0.36125398976355444, 0.3774117643688156]}], "8": [{"avg_f1": [0.3817497530263489, 0.397486403520065]}], "10": [{"avg_f1": [0.387742887680741, 0.40385597553827013]}]}}, "iteration:12": {"stsb-xlm-r-multilingual": {"2": [{"avg_f1": [0.3973799886843365, 0.4348535427055868]}], "4": [{"avg_f1": [0.4238433852968737, 0.4606315153087107]}], "6": [{"avg_f1": [0.40784239914674697, 0.4213261754468762]}], "8": [{"avg_f1": [0.4970925763401865, 0.48955928785274194]}], "10": [{"avg_f1": [0.5235117278822777, 0.5213861290145526]}]}}, "iteration:13": {"stsb-xlm-r-multilingual": {"2": [{"avg_f1": [0.4054436120439737, 0.4429364415329707]}], "4": [{"avg_f1": [0.42604104551778965, 0.4655877588800185]}], "6": [{"avg_f1": [0.4469872120292704, 0.46795695018165057]}], "8": [{"avg_f1": [0.46491251528798455, 0.4802302629530695]}], "10": [{"avg_f1": [0.4684569479965899, 0.47990227888689546]}]}}, "iteration:14": {"stsb-xlm-r-multilingual": {"2": [{"avg_f1": [0.4300985411357752, 0.4793666316570414]}], "4": [{"avg_f1": [0.4524689337455295, 0.5050778296189538]}], "6": [{"avg_f1": [0.4530673274094326, 0.49917747217433]}], "8": [{"avg_f1": [0.4836638645334297, 0.5149828728543847]}], "10": [{"avg_f1": [0.48024076489085465, 0.4894349966015479]}]}}, "iteration:15": {"stsb-xlm-r-multilingual": {"2": [{"avg_f1": [0.40581902998135316, 0.4074579044128171]}], "4": [{"avg_f1": [0.4060045348950752, 0.44803163746761027]}], "6": [{"avg_f1": [0.3942325432346578, 0.4046548081777029]}], "8": [{"avg_f1": [0.4181944957831955, 0.4320946848933378]}], "10": [{"avg_f1": [0.4661338676346183, 0.4932348969034798]}]}}, "iteration:16": {"stsb-xlm-r-multilingual": {"2": [{"avg_f1": [0.4074277442374408, 0.46105397491228256]}], "4": [{"avg_f1": [0.4978272722325224, 0.5388472303119739]}], "6": [{"avg_f1": [0.48447768152753284, 0.5297085193537788]}], "8": [{"avg_f1": [0.5159088684132366, 0.5810707598753392]}], "10": [{"avg_f1": [0.5972452547452548, 0.6524874752113557]}]}}, "iteration:17": {"stsb-xlm-r-multilingual": {"2": [{"avg_f1": [0.4319301659888642, 0.4675264436722362]}], "4": [{"avg_f1": [0.46668994933405955, 0.508887742929938]}], "6": [{"avg_f1": [0.4313240567634647, 0.48247409182971895]}], "8": [{"avg_f1": [0.4253055035388777, 0.477642205651486]}], "10": [{"avg_f1": [0.4317634264735983, 0.4754423291725657]}]}}, "iteration:18": {"stsb-xlm-r-multilingual": {"2": [{"avg_f1": [0.39397632623817064, 0.4223531267446985]}], "4": [{"avg_f1": [0.4292230222073387, 0.44583703683957837]}], "6": [{"avg_f1": [0.4009712761436739, 0.421256058093139]}], "8": [{"avg_f1": [0.416769905794296, 0.4273113237528964]}], "10": [{"avg_f1": [0.4325146198830409, 0.42937221785807794]}]}}, "iteration:19": {"stsb-xlm-r-multilingual": {"2": [{"avg_f1": [0.4589319805814651, 0.49324071835227395]}], "4": [{"avg_f1": [0.5162154150197628, 0.5582642125341671]}], "6": [{"avg_f1": [0.4956254842362477, 0.5406249282818875]}], "8": [{"avg_f1": [0.5047778803725679, 0.5276693642498917]}], "10": [{"avg_f1": [0.5270591365710264, 0.554060894159525]}]}}, "iteration:20": {"stsb-xlm-r-multilingual": {"2": [{"avg_f1": [0.36527464500911755, 0.43936838818649626]}], "4": [{"avg_f1": [0.390738959243272, 0.46058274641138686]}], "6": [{"avg_f1": [0.43178783702299933, 0.5042697186819799]}], "8": [{"avg_f1": [0.4674201988487703, 0.5256147832267234]}], "10": [{"avg_f1": [0.49377949377949376, 0.5495457077546629]}]}}, "iteration:21": {"stsb-xlm-r-multilingual": {"2": [{"avg_f1": [0.40394246846025234, 0.40947340928735254]}], "4": [{"avg_f1": [0.40114050558495, 0.4218768590907895]}], "6": [{"avg_f1": [0.35723420185684335, 0.36563369138136814]}], "8": [{"avg_f1": [0.36459430002881654, 0.39333511717461006]}], "10": [{"avg_f1": [0.40284533172010484, 0.42094852416682466]}]}}, "iteration:22": {"stsb-xlm-r-multilingual": {"2": [{"avg_f1": [0.39337730296332146, 0.429027581511345]}], "4": [{"avg_f1": [0.41029986273888713, 0.4357887471101887]}], "6": [{"avg_f1": [0.41087836325931565, 0.4422158430687215]}], "8": [{"avg_f1": [0.45210402342755285, 0.49110976819493063]}], "10": [{"avg_f1": [0.5286237571951858, 0.5519170239852543]}]}}, "iteration:23": {"stsb-xlm-r-multilingual": {"2": [{"avg_f1": [0.404038409429245, 0.4548046572426023]}], "4": [{"avg_f1": [0.4024623060113648, 0.4725365014533214]}],