{"test_perc=0.2": {"iteration:1": {"stsb-xlm-r-multilingual": {"2": [{"avg_f1": [0.38906685368051547, 0.4260237379055383]}], "4": [{"avg_f1": [0.34550093512357666, 0.41863158900613134]}], "6": [{"avg_f1": [0.3832750291520906, 0.4606679978711259]}], "8": [{"avg_f1": [0.42093784194958755, 0.5027445019878406]}], "10": [{"avg_f1": [0.4644642944897257, 0.5611066107511347]}]}}, "iteration:2": {"stsb-xlm-r-multilingual": {"2": [{"avg_f1": [0.3916499969691459, 0.41530780358979785]}], "4": [{"avg_f1": [0.38272702766486416, 0.4158452300332301]}], "6": [{"avg_f1": [0.3985069965017491, 0.44209257311642686]}], "8": [{"avg_f1": [0.42737062178049734, 0.4838942112303827]}], "10": [{"avg_f1": [0.44275238776146214, 0.4511258260750365]}]}}, "iteration:3": {"stsb-xlm-r-multilingual": {"2": [{"avg_f1": [0.3849163821031434, 0.4156390231662805]}], "4": [{"avg_f1": [0.437070707070707, 0.470872908186341]}], "6": [{"avg_f1": [0.4858820765797509, 0.5086696538449402]}], "8": [{"avg_f1": [0.530517848164907, 0.5451250534657031]}], "10": [{"avg_f1": [0.5284828646173184, 0.5283006035545857]}]}}, "iteration:4": {"stsb-xlm-r-multilingual": {"2": [{"avg_f1": [0.3888565011426161, 0.38899242057057465]}], "4": [{"avg_f1": [0.44428886702002485, 0.4601256334634378]}], "6": [{"avg_f1": [0.4621313984118862, 0.4756603304473709]}], "8": [{"avg_f1": [0.5063607085346216, 0.5308136020011426]}], "10": [{"avg_f1": [0.5869850620298241, 0.5752330005979095]}]}}, "iteration:5": {"stsb-xlm-r-multilingual": {"2": [{"avg_f1": [0.3924692941347265, 0.4456997779357639]}], "4": [{"avg_f1": [0.3609826425615899, 0.4286062665481361]}], "6": [{"avg_f1": [0.34701234725865265, 0.40267067197439965]}], "8": [{"avg_f1": [0.40071619210297543, 0.44473489132901584]}], "10": [{"avg_f1": [0.4835329464542948, 0.5024799450088734]}]}}, "iteration:6": {"stsb-xlm-r-multilingual": {"2": [{"avg_f1": [0.4019576102909437, 0.4349416476282148]}], "4": [{"avg_f1": [0.4462513091104063, 0.47088391867573937]}], "6": [{"avg_f1": [0.49359944778199066, 0.5159705452971616]}], "8": [{"avg_f1": [0.5149685463410953, 0.5085099922676745]}], "10": [{"avg_f1": [0.5083794836553749, 0.5295250946335507]}]}}, "iteration:7": {"stsb-xlm-r-multilingual": {"2": [{"avg_f1": [0.38352315325999536, 0.4735048380963542]}], "4": [{"avg_f1": [0.43502747646291856, 0.5110715566759432]}], "6": [{"avg_f1": [0.40097908755673434, 0.4513698828874234]}], "8": [{"avg_f1": [0.38221747388414057, 0.4446379215035931]}], "10": [{"avg_f1": [0.43475486784996414, 0.5066228887088852]}]}}, "iteration:8": {"stsb-xlm-r-multilingual": {"2": [{"avg_f1": [0.4031385281385281, 0.43033210570524005]}], "4": [{"avg_f1": [0.4265572343851973, 0.4593790259426738]}], "6": [{"avg_f1": [0.47524557481855617, 0.5074170348516786]}], "8": [{"avg_f1": [0.5434986772486773, 0.5645661573086946]}], "10": [{"avg_f1": [0.5577698951680277, 0.5722833262742798]}]}}, "iteration:9": {"stsb-xlm-r-multilingual": {"2": [{"avg_f1": [0.42026033279656466, 0.4698497848919653]}], "4": [{"avg_f1": [0.42190783782855396, 0.4758961439115655]}], "6": [{"avg_f1": [0.44204426976718797, 0.4827944898450513]}], "8": [{"avg_f1": [0.5023514230554652, 0.5244197320661081]}], "10": [{"avg_f1": [0.5258464562812389, 0.5232356474731555]}]}}, "iteration:10": {"stsb-xlm-r-multilingual": {"2": [{"avg_f1": [0.3972391084093212, 0.4630857868711156]}], "4": [{"avg_f1": [0.3664694551458449, 0.41129670853218775]}], "6": [{"avg_f1": [0.39494714349977506, 0.43281215380586946]}], "8": [{"avg_f1": [0.4568241167434715, 0.5029987160969347]}], "10": [{"avg_f1": [0.4445867208672087, 0.4818171338429802]}]}}, "iteration:11": {"stsb-xlm-r-multilingual": {"2": [{"avg_f1": [0.37806315131896523, 0.4135354406093732]}], "4": [{"avg_f1": [0.372258574842141, 0.37930046639849097]}], "6": [{"avg_f1": [0.36042258444697467, 0.3876389968417635]}], "8": [{"avg_f1": [0.4578612427877134, 0.4058741655866327]}], "10": [{"avg_f1": [0.4747058674659006, 0.4376580571519949]}]}}, "iteration:12": {"stsb-xlm-r-multilingual": {"2": [{"avg_f1": [0.388011088011088, 0.4154296087131908]}], "4": [{"avg_f1": [0.42395604395604397, 0.4243945109616752]}], "6": [{"avg_f1": [0.4862841849359043, 0.4984149523122588]}], "8": [{"avg_f1": [0.5099839816666082, 0.5143704292386327]}], "10": [{"avg_f1": [0.526402160525259, 0.5223666221635808]}]}}, "iteration:13": {"stsb-xlm-r-multilingual": {"2": [{"avg_f1": [0.41529878335685955, 0.4420847968265147]}], "4": [{"avg_f1": [0.40113384484228476, 0.44118474125536]}], "6": [{"avg_f1": [0.42672226142283565, 0.472296917918482]}], "8": [{"avg_f1": [0.47638309584453536, 0.5178174446084893]}], "10": [{"avg_f1": [0.46999288493541364, 0.49133567486629753]}]}}, "iteration:14": {"stsb-xlm-r-multilingual": {"2": [{"avg_f1": [0.46526739505462916, 0.5174867468293953]}], "4": [{"avg_f1": [0.466358543417367, 0.5372983820393828]}], "6": [{"avg_f1": [0.4800501436272449, 0.5480386218492315]}], "8": [{"avg_f1": [0.568846287514434, 0.6257942052425792]}], "10": [{"avg_f1": [0.5585580165891897, 0.5855713580229639]}]}}, "iteration:15": {"stsb-xlm-r-multilingual": {"2": [{"avg_f1": [0.4060076994188997, 0.40588927955112947]}], "4": [{"avg_f1": [0.4174234732890972, 0.4793403906142736]}], "6": [{"avg_f1": [0.3905192000666536, 0.4777269843151952]}], "8": [{"avg_f1": [0.4450099890591039, 0.5341379714415165]}], "10": [{"avg_f1": [0.45679988878008676, 0.5314715617863246]}]}}, "iteration:16": {"stsb-xlm-r-multilingual": {"2": [{"avg_f1": [0.43238582207217235, 0.43901790010387765]}], "4": [{"avg_f1": [0.448385986917174, 0.477759169867041]}], "6": [{"avg_f1": [0.4408466312056738, 0.44781180533502696]}], "8": [{"avg_f1": [0.45537735211648256, 0.48524177531315754]}], "10": [{"avg_f1": [0.4225156370792045, 0.4338380834599929]}]}}, "iteration:17": {"stsb-xlm-r-multilingual": {"2": [{"avg_f1": [0.44465186445212707, 0.4647971058232672]}], "4": [{"avg_f1": [0.4481232276055836, 0.4563022799387035]}], "6": [{"avg_f1": [0.4019561666300797, 0.4413304847195178]}], "8": [{"avg_f1": [0.4558691756272401, 0.4933884723846207]}], "10": [{"avg_f1": [0.4475209319345886, 0.48997677381734334]}]}}, "iteration:18": {"stsb-xlm-r-multilingual": {"2": [{"avg_f1": [0.4323195675304163, 0.4461964548281017]}], "4": [{"avg_f1": [0.4353572288586001, 0.4588852285374144]}], "6": [{"avg_f1": [0.4240973758201361, 0.4365147741224513]}], "8": [{"avg_f1": [0.43645064384463067, 0.4287364903361754]}], "10": [{"avg_f1": [0.43604696199467435, 0.45254728535969396]}]}}, "iteration:19": {"stsb-xlm-r-multilingual": {"2": [{"avg_f1": [0.4597186700767264, 0.5176527846700003]}], "4": [{"avg_f1": [0.5100104759252629, 0.5354784734876755]}], "6": [{"avg_f1": [0.5154495737689014, 0.5485184358682416]}], "8": [{"avg_f1": [0.5055456024883269, 0.5144952374458865]}], "10": [{"avg_f1": [0.5210598355792864, 0.5457900049713295]}]}}, "iteration:20": {"stsb-xlm-r-multilingual": {"2": [{"avg_f1": [0.39970416236670103, 0.4305423347657995]}], "4": [{"avg_f1": [0.44626439173255644, 0.4862484083949789]}], "6": [{"avg_f1": [0.419096496675782, 0.4942423929104336]}], "8": [{"avg_f1": [0.48375994684713913, 0.5378816666216961]}], "10": [{"avg_f1": [0.524997063271809, 0.5567022492927197]}]}}, "iteration:21": {"stsb-xlm-r-multilingual": {"2": [{"avg_f1": [0.4258552138804239, 0.44431409762527274]}], "4": [{"avg_f1": [0.4393495074760299, 0.4773739554974813]}], "6": [{"avg_f1": [0.48295101273824675, 0.505302728040105]}], "8": [{"avg_f1": [0.49497192565831, 0.5297636230435182]}], "10": [{"avg_f1": [0.5432625853678484, 0.5590567588996497]}]}}, "iteration:22": {"stsb-xlm-r-multilingual": {"2": [{"avg_f1": [0.3699178501810081, 0.3844811032556516]}], "4": [{"avg_f1": [0.41265191847489985, 0.42652125153052195]}], "6": [{"avg_f1": [0.4494327499563228, 0.4863959451721914]}], "8": [{"avg_f1": [0.5079961294862773, 0.5466291431652436]}], "10": [{"avg_f1": [0.5302521256597624, 0.5703936302476111]}]}}, "iteration:23": {"stsb-xlm-r-multilingual": {"2": [{"avg_f1": [0.3988166243336848, 0.4218720808838535]}], "4": [{"avg_f1": [0.43768509268509265, 0.4665939781611423]}],