{"test_perc=0.15": {"iteration:1": {"stsb-xlm-r-multilingual": {"2": [{"avg_f1": [0.3817063290363671, 0.4176913135366151]}], "4": [{"avg_f1": [0.3905606123116383, 0.4474437967628649]}], "6": [{"avg_f1": [0.4414848229805039, 0.5015917993803762]}], "8": [{"avg_f1": [0.43813444522746847, 0.49449805237378996]}], "10": [{"avg_f1": [0.4967532467532468, 0.565724946695096]}]}}, "iteration:2": {"stsb-xlm-r-multilingual": {"2": [{"avg_f1": [0.4271036396289177, 0.4569986492571495]}], "4": [{"avg_f1": [0.4985928719945638, 0.5093847057239528]}], "6": [{"avg_f1": [0.5194379388752258, 0.5176724778445265]}], "8": [{"avg_f1": [0.5486981295676947, 0.5686907713384027]}], "10": [{"avg_f1": [0.5605690823891564, 0.5716694257076297]}]}}, "iteration:3": {"stsb-xlm-r-multilingual": {"2": [{"avg_f1": [0.41700530180056744, 0.48124992676056083]}], "4": [{"avg_f1": [0.4381689874017239, 0.505278382172683]}], "6": [{"avg_f1": [0.4340364471229732, 0.521356626253151]}], "8": [{"avg_f1": [0.4576001340707223, 0.5364633415555278]}], "10": [{"avg_f1": [0.48225714936950514, 0.5620345285980973]}]}}, "iteration:4": {"stsb-xlm-r-multilingual": {"2": [{"avg_f1": [0.4270343183386662, 0.4871948838528981]}], "4": [{"avg_f1": [0.40983418472780175, 0.47171531125802324]}], "6": [{"avg_f1": [0.3796672034353194, 0.4739622453639326]}], "8": [{"avg_f1": [0.4474159201634449, 0.5316776443102733]}], "10": [{"avg_f1": [0.40373994759193993, 0.5116423170134687]}]}}, "iteration:5": {"stsb-xlm-r-multilingual": {"2": [{"avg_f1": [0.3761695093313559, 0.39432841354960463]}], "4": [{"avg_f1": [0.39351934877856126, 0.3938189442734892]}], "6": [{"avg_f1": [0.4337768234319958, 0.42976503110316794]}], "8": [{"avg_f1": [0.46226780185758515, 0.4392183817753339]}], "10": [{"avg_f1": [0.5215425358227151, 0.5410574398983216]}]}}, "iteration:6": {"stsb-xlm-r-multilingual": {"2": [{"avg_f1": [0.42691701521488756, 0.46523632325474185]}], "4": [{"avg_f1": [0.42061659911469396, 0.4503235211644789]}], "6": [{"avg_f1": [0.373890018796762, 0.4289263631861975]}], "8": [{"avg_f1": [0.381204481792717, 0.45051047284585477]}], "10": [{"avg_f1": [0.3878369563062795, 0.4344538114823311]}]}}, "iteration:7": {"stsb-xlm-r-multilingual": {"2": [{"avg_f1": [0.38513128676437264, 0.41146485534640204]}], "4": [{"avg_f1": [0.4294353847608243, 0.48403325826906307]}], "6": [{"avg_f1": [0.38999227921458485, 0.43714369720124885]}], "8": [{"avg_f1": [0.41306488000979247, 0.429332022941902]}], "10": [{"avg_f1": [0.45192050885953156, 0.4787636151492599]}]}}, "iteration:8": {"stsb-xlm-r-multilingual": {"2": [{"avg_f1": [0.4383451536643026, 0.44557389136489245]}], "4": [{"avg_f1": [0.45445752291412544, 0.4467526852259723]}], "6": [{"avg_f1": [0.4448487636893434, 0.4394141501539295]}], "8": [{"avg_f1": [0.5464783375927954, 0.5244929514530305]}], "10": [{"avg_f1": [0.6150971736794254, 0.6083901022115897]}]}}, "iteration:9": {"stsb-xlm-r-multilingual": {"2": [{"avg_f1": [0.44434076566966924, 0.4968358134540511]}], "4": [{"avg_f1": [0.47242389368215854, 0.5326285887370467]}], "6": [{"avg_f1": [0.5031952908318403, 0.5671109430393787]}], "8": [{"avg_f1": [0.499456346078716, 0.5696046725699128]}], "10": [{"avg_f1": [0.5054205267807069, 0.5408673009538018]}]}}, "iteration:10": {"stsb-xlm-r-multilingual": {"2": [{"avg_f1": [0.4914514497847831, 0.50077417055029]}], "4": [{"avg_f1": [0.4930788474073713, 0.5202817734333297]}], "6": [{"avg_f1": [0.4963294531405987, 0.5415859066614577]}], "8": [{"avg_f1": [0.537500759986219, 0.5798737197824185]}], "10": [{"avg_f1": [0.5544437073074845, 0.5734801776170013]}]}}, "iteration:11": {"stsb-xlm-r-multilingual": {"2": [{"avg_f1": [0.38970288970288974, 0.44243981557414397]}], "4": [{"avg_f1": [0.4087083053787388, 0.45687847142778426]}], "6": [{"avg_f1": [0.44688013136289007, 0.49167708256745835]}], "8": [{"avg_f1": [0.4804961967640445, 0.5232381133130559]}], "10": [{"avg_f1": [0.46228428386858617, 0.49124446290143964]}]}}, "iteration:12": {"stsb-xlm-r-multilingual": {"2": [{"avg_f1": [0.39336794250587354, 0.43490926258553636]}], "4": [{"avg_f1": [0.4264918148213343, 0.46903333184456175]}], "6": [{"avg_f1": [0.45586264858691633, 0.4749656089095612]}], "8": [{"avg_f1": [0.4807602408004014, 0.4846873873128144]}], "10": [{"avg_f1": [0.49345289364669215, 0.4995638272278328]}]}}, "iteration:13": {"stsb-xlm-r-multilingual": {"2": [{"avg_f1": [0.4227515854277845, 0.47278118696846283]}], "4": [{"avg_f1": [0.41533439964291025, 0.4600187760794302]}], "6": [{"avg_f1": [0.41160928730668694, 0.4335102585256074]}], "8": [{"avg_f1": [0.4973806616663759, 0.5407189588426262]}], "10": [{"avg_f1": [0.4565984156846281, 0.49756780169725845]}]}}, "iteration:14": {"stsb-xlm-r-multilingual": {"2": [{"avg_f1": [0.3855372951482791, 0.3890615572025457]}], "4": [{"avg_f1": [0.39349703869146274, 0.3865827820033315]}], "6": [{"avg_f1": [0.41243745015045946, 0.42111408518704024]}], "8": [{"avg_f1": [0.41544961960944443, 0.43737356172716313]}], "10": [{"avg_f1": [0.4486985150668406, 0.45546402986150114]}]}}, "iteration:15": {"stsb-xlm-r-multilingual": {"2": [{"avg_f1": [0.3993483709273183, 0.4047050461975835]}], "4": [{"avg_f1": [0.41591669863656483, 0.4253266472456934]}], "6": [{"avg_f1": [0.4830690787658, 0.5033709371671202]}], "8": [{"avg_f1": [0.4794795075580489, 0.48935728091659514]}], "10": [{"avg_f1": [0.49741913623687023, 0.5536935542788053]}]}}, "iteration:16": {"stsb-xlm-r-multilingual": {"2": [{"avg_f1": [0.5091912788507216, 0.6027780895023629]}], "4": [{"avg_f1": [0.546438175737788, 0.6265644028240044]}], "6": [{"avg_f1": [0.6175556971816408, 0.6781967600959804]}], "8": [{"avg_f1": [0.6546502394374735, 0.6739723368970749]}], "10": [{"avg_f1": [0.6602772312240816, 0.6680480080614892]}]}}, "iteration:17": {"stsb-xlm-r-multilingual": {"2": [{"avg_f1": [0.43348448769740777, 0.4950719507704471]}], "4": [{"avg_f1": [0.435725059254471, 0.4901417283331242]}], "6": [{"avg_f1": [0.47841570667657624, 0.5734732136419353]}], "8": [{"avg_f1": [0.5171190619667883, 0.5975943533618239]}], "10": [{"avg_f1": [0.5384241097207777, 0.6202189516173591]}]}}, "iteration:18": {"stsb-xlm-r-multilingual": {"2": [{"avg_f1": [0.38689255606548834, 0.420683905926864]}], "4": [{"avg_f1": [0.3671603537740804, 0.42384917913740056]}], "6": [{"avg_f1": [0.4636056218807964, 0.5229617627535813]}], "8": [{"avg_f1": [0.4705280616220307, 0.5178923056526622]}], "10": [{"avg_f1": [0.514488897302679, 0.5887099650356785]}]}}, "iteration:19": {"stsb-xlm-r-multilingual": {"2": [{"avg_f1": [0.40810109123362137, 0.42792027449463166]}], "4": [{"avg_f1": [0.4978880755832457, 0.49122464702445445]}], "6": [{"avg_f1": [0.4821355974606749, 0.4762361846831141]}], "8": [{"avg_f1": [0.5269423558897244, 0.5086410054988217]}], "10": [{"avg_f1": [0.5398080301496052, 0.506804225073375]}]}}, "iteration:20": {"stsb-xlm-r-multilingual": {"2": [{"avg_f1": [0.418817376904083, 0.4566789311582384]}], "4": [{"avg_f1": [0.46169431731502675, 0.45201466921684486]}], "6": [{"avg_f1": [0.4976613877462234, 0.477448829640153]}], "8": [{"avg_f1": [0.5246023422928022, 0.5336912623839349]}], "10": [{"avg_f1": [0.579276603114364, 0.5710332520104816]}]}}, "iteration:21": {"stsb-xlm-r-multilingual": {"2": [{"avg_f1": [0.4092276910764306, 0.41188188708319146]}], "4": [{"avg_f1": [0.4263773988837067, 0.44342419715780007]}], "6": [{"avg_f1": [0.43467733317267593, 0.44281750960917826]}], "8": [{"avg_f1": [0.4524248470958671, 0.47286120572113566]}], "10": [{"avg_f1": [0.4512846321683502, 0.45892987565480337]}]}}, "iteration:22": {"stsb-xlm-r-multilingual": {"2": [{"avg_f1": [0.4100644122383253, 0.43377316316965897]}], "4": [{"avg_f1": [0.5091398092872951, 0.5537334963779346]}], "6": [{"avg_f1": [0.5311635224678702, 0.5663448815947193]}], "8": [{"avg_f1": [0.5415235413851133, 0.5917465979016372]}], "10": [{"avg_f1": [0.6086235233164178, 0.6471529642737035]}]}}, "iteration:23": {"stsb-xlm-r-multilingual": {"2": [{"avg_f1": [0.374436743920312, 0.41774271944547336]}], "4": [{"avg_f1": [0.3784940345090721, 0.4304306835448121]}],