{"test_perc=0.15": {"iteration:1": {"paraphrase-xlm-r-multilingual-v1": {"2": [{"avg_f1": [0.385488461373059, 0.46765100906425966]}], "4": [{"avg_f1": [0.5918856280486161, 0.6696351495010999]}], "6": [{"avg_f1": [0.6854095808585292, 0.7763751497593075]}], "8": [{"avg_f1": [0.8776945654627578, 0.888829596105949]}], "10": [{"avg_f1": [0.8346770758535463, 0.8572248839149629]}]}}, "iteration:2": {"paraphrase-xlm-r-multilingual-v1": {"2": [{"avg_f1": [0.31415155881212325, 0.42246982846900877]}], "4": [{"avg_f1": [0.3906084656084656, 0.49903458895996206]}], "6": [{"avg_f1": [0.5609035123835043, 0.6402204297782829]}], "8": [{"avg_f1": [0.7067426559686623, 0.7429022710617833]}], "10": [{"avg_f1": [0.7470449283575066, 0.7194618850525021]}]}}, "iteration:3": {"paraphrase-xlm-r-multilingual-v1": {"2": [{"avg_f1": [0.3617596859532343, 0.4602360700338553]}], "4": [{"avg_f1": [0.5338409738409737, 0.6431066114648204]}], "6": [{"avg_f1": [0.5338489506457177, 0.653539739162255]}], "8": [{"avg_f1": [0.5920603599829369, 0.7067945570651376]}], "10": [{"avg_f1": [0.6183977503035228, 0.7004661306674586]}]}}, "iteration:4": {"paraphrase-xlm-r-multilingual-v1": {"2": [{"avg_f1": [0.30641964684517875, 0.39213869382176786]}], "4": [{"avg_f1": [0.4530318945760123, 0.5535260576415097]}], "6": [{"avg_f1": [0.6169873961425382, 0.7173551492510507]}], "8": [{"avg_f1": [0.6233205473824264, 0.7085386880063035]}], "10": [{"avg_f1": [0.598969100206724, 0.6848752916951528]}]}}, "iteration:5": {"paraphrase-xlm-r-multilingual-v1": {"2": [{"avg_f1": [0.321850269961993, 0.41367712782981053]}], "4": [{"avg_f1": [0.40491153483465725, 0.49009708756392256]}], "6": [{"avg_f1": [0.43286099865047234, 0.515091546316998]}], "8": [{"avg_f1": [0.46190703453634496, 0.5410196200694143]}], "10": [{"avg_f1": [0.4502134875323281, 0.5431565274199927]}]}}, "iteration:6": {"paraphrase-xlm-r-multilingual-v1": {"2": [{"avg_f1": [0.3656133619617912, 0.44780916578538016]}], "4": [{"avg_f1": [0.42734117437405333, 0.5216825764013642]}], "6": [{"avg_f1": [0.5122522241078943, 0.6176007548064788]}], "8": [{"avg_f1": [0.5792038663690691, 0.6759027868075563]}], "10": [{"avg_f1": [0.6065543216654437, 0.7137563499517174]}]}}, "iteration:7": {"paraphrase-xlm-r-multilingual-v1": {"2": [{"avg_f1": [0.29107516679639195, 0.3532578080435205]}], "4": [{"avg_f1": [0.33827170025175674, 0.4322635813545599]}], "6": [{"avg_f1": [0.4433891894473096, 0.5271304420611072]}], "8": [{"avg_f1": [0.5700899977215766, 0.6456762666503437]}], "10": [{"avg_f1": [0.5779759175985592, 0.6436340080384011]}]}}, "iteration:8": {"paraphrase-xlm-r-multilingual-v1": {"2": [{"avg_f1": [0.37889977941312564, 0.4509651585776714]}], "4": [{"avg_f1": [0.43398238177792986, 0.5329663703992944]}], "6": [{"avg_f1": [0.46354950675922546, 0.5482350214582914]}], "8": [{"avg_f1": [0.5395077695109665, 0.6055130792214237]}], "10": [{"avg_f1": [0.6390991404048568, 0.6861036206032806]}]}}, "iteration:9": {"paraphrase-xlm-r-multilingual-v1": {"2": [{"avg_f1": [0.40196092498206887, 0.4706326780925325]}], "4": [{"avg_f1": [0.5393299940073583, 0.6057007042800168]}], "6": [{"avg_f1": [0.6050952319412896, 0.6379927355531189]}], "8": [{"avg_f1": [0.5228657597366028, 0.5850888180609086]}], "10": [{"avg_f1": [0.6526459142670245, 0.6833977579960345]}]}}, "iteration:10": {"paraphrase-xlm-r-multilingual-v1": {"2": [{"avg_f1": [0.30231935167579455, 0.38663435297793136]}], "4": [{"avg_f1": [0.38995360409417307, 0.4953973062411268]}], "6": [{"avg_f1": [0.43023963526002823, 0.5510236974809553]}], "8": [{"avg_f1": [0.5360591987991369, 0.6375691343451614]}], "10": [{"avg_f1": [0.6198094095123797, 0.7132214330175022]}]}}, "iteration:11": {"paraphrase-xlm-r-multilingual-v1": {"2": [{"avg_f1": [0.3091857443009224, 0.41090907733879983]}], "4": [{"avg_f1": [0.4506026653085477, 0.5407758761577901]}], "6": [{"avg_f1": [0.5126849449650848, 0.5615455970531205]}], "8": [{"avg_f1": [0.5969002685794665, 0.6401394753992666]}], "10": [{"avg_f1": [0.6017935334690526, 0.6599922583188294]}]}}, "iteration:12": {"paraphrase-xlm-r-multilingual-v1": {"2": [{"avg_f1": [0.4201863141558473, 0.5166033644767626]}], "4": [{"avg_f1": [0.6312659996532345, 0.6745683661367611]}], "6": [{"avg_f1": [0.6396612218264284, 0.6668393375377853]}], "8": [{"avg_f1": [0.6609576435389456, 0.6907103051360316]}], "10": [{"avg_f1": [0.685566534914361, 0.7098448469116867]}]}}, "iteration:13": {"paraphrase-xlm-r-multilingual-v1": {"2": [{"avg_f1": [0.38644337773164966, 0.4674015108680778]}], "4": [{"avg_f1": [0.42758610374895106, 0.5653562156586325]}], "6": [{"avg_f1": [0.46241400999137733, 0.5722091543552299]}], "8": [{"avg_f1": [0.6629579821241729, 0.7449537891823326]}], "10": [{"avg_f1": [0.5930426824195025, 0.673489984142024]}]}}, "iteration:14": {"paraphrase-xlm-r-multilingual-v1": {"2": [{"avg_f1": [0.26370792044416336, 0.2763653795118861]}], "4": [{"avg_f1": [0.38021688560481665, 0.4706700487709237]}], "6": [{"avg_f1": [0.52336511527688, 0.6072417485938116]}], "8": [{"avg_f1": [0.4691599907117148, 0.5585798801187375]}], "10": [{"avg_f1": [0.5360099805688041, 0.6125651946942553]}]}}, "iteration:15": {"paraphrase-xlm-r-multilingual-v1": {"2": [{"avg_f1": [0.30031866141066427, 0.39925759062541055]}], "4": [{"avg_f1": [0.39401422456462004, 0.5179661369107356]}], "6": [{"avg_f1": [0.5682950712653684, 0.6666857746952324]}], "8": [{"avg_f1": [0.5520543448926091, 0.6302390132474072]}], "10": [{"avg_f1": [0.5320085929108486, 0.6372685444955674]}]}}, "iteration:16": {"paraphrase-xlm-r-multilingual-v1": {"2": [{"avg_f1": [0.4766520080040951, 0.561566539076223]}], "4": [{"avg_f1": [0.5945670216556832, 0.665370131036047]}], "6": [{"avg_f1": [0.7438121751214265, 0.7973586352611055]}], "8": [{"avg_f1": [0.7648998742901182, 0.8197822516843267]}], "10": [{"avg_f1": [0.821135158689383, 0.8682089639574987]}]}}, "iteration:17": {"paraphrase-xlm-r-multilingual-v1": {"2": [{"avg_f1": [0.38734311234311236, 0.48909153125571037]}], "4": [{"avg_f1": [0.5698050947443133, 0.6746659713152626]}], "6": [{"avg_f1": [0.6924139342787653, 0.7869776706148665]}], "8": [{"avg_f1": [0.8092192488931619, 0.8454869330761609]}], "10": [{"avg_f1": [0.7784963627354932, 0.8166206945408764]}]}}, "iteration:18": {"paraphrase-xlm-r-multilingual-v1": {"2": [{"avg_f1": [0.4071244165928895, 0.526555130018353]}], "4": [{"avg_f1": [0.4429256648896118, 0.5396759088806443]}], "6": [{"avg_f1": [0.4707623141611635, 0.576746277237719]}], "8": [{"avg_f1": [0.46083939571769617, 0.5617962466411243]}], "10": [{"avg_f1": [0.523349073672022, 0.6062647439096311]}]}}, "iteration:19": {"paraphrase-xlm-r-multilingual-v1": {"2": [{"avg_f1": [0.28792656847685316, 0.3662622102283379]}], "4": [{"avg_f1": [0.3917428070756059, 0.48567747431551905]}], "6": [{"avg_f1": [0.46805614116563904, 0.5596577872521203]}], "8": [{"avg_f1": [0.5766304066304067, 0.6457670853193241]}], "10": [{"avg_f1": [0.5683253590276361, 0.6317085325316102]}]}}, "iteration:20": {"paraphrase-xlm-r-multilingual-v1": {"2": [{"avg_f1": [0.3573330402236062, 0.447037380461927]}], "4": [{"avg_f1": [0.4403844479275514, 0.5490818771713991]}], "6": [{"avg_f1": [0.6537104797436265, 0.7364319017421351]}], "8": [{"avg_f1": [0.6509879606653799, 0.6966350314306925]}], "10": [{"avg_f1": [0.6752221165264644, 0.7090184325421184]}]}}, "iteration:21": {"paraphrase-xlm-r-multilingual-v1": {"2": [{"avg_f1": [0.34708205296440586, 0.46212719632386]}], "4": [{"avg_f1": [0.4673302220820628, 0.5896148506065894]}], "6": [{"avg_f1": [0.5305060076799207, 0.6379726229499105]}], "8": [{"avg_f1": [0.5527696377696378, 0.6519437610482387]}], "10": [{"avg_f1": [0.5508794507351947, 0.6564183006252908]}]}}, "iteration:22": {"paraphrase-xlm-r-multilingual-v1": {"2": [{"avg_f1": [0.3740912274000509, 0.4745482623171385]}], "4": [{"avg_f1": [0.40063697005901305, 0.5236777176353489]}], "6": [{"avg_f1": [0.5442760942760944, 0.6501055329413539]}], "8": [{"avg_f1": [0.5663379830046497, 0.6499249782831872]}], "10": [{"avg_f1": [0.5458087210257315, 0.6322414672404681]}]}},