{"test_perc=0.2": {"iteration:1": {"paraphrase-xlm-r-multilingual-v1": {"2": [{"avg_f1": [0.36467062349415297, 0.42187856042114164]}], "4": [{"avg_f1": [0.44068732193732196, 0.5407593443041203]}], "6": [{"avg_f1": [0.5938853435563962, 0.6496503257009933]}], "8": [{"avg_f1": [0.6067646821344921, 0.6962324823971239]}], "10": [{"avg_f1": [0.8340729091706164, 0.8626001885902874]}]}}, "iteration:2": {"paraphrase-xlm-r-multilingual-v1": {"2": [{"avg_f1": [0.35816130642217603, 0.44655594806146404]}], "4": [{"avg_f1": [0.41793129932729495, 0.5266975151257854]}], "6": [{"avg_f1": [0.5156999079825166, 0.6036207677966277]}], "8": [{"avg_f1": [0.5591925260639609, 0.648098267533998]}], "10": [{"avg_f1": [0.44990593250341876, 0.5395764499280116]}]}}, "iteration:3": {"paraphrase-xlm-r-multilingual-v1": {"2": [{"avg_f1": [0.3807403261851188, 0.49042794705354625]}], "4": [{"avg_f1": [0.40373832059848574, 0.5295810600498462]}], "6": [{"avg_f1": [0.5659907163025285, 0.7014147469245421]}], "8": [{"avg_f1": [0.7486969078411506, 0.8235509549961617]}], "10": [{"avg_f1": [0.6076038224147468, 0.7283392273515189]}]}}, "iteration:4": {"paraphrase-xlm-r-multilingual-v1": {"2": [{"avg_f1": [0.30839022854526726, 0.365473382342525]}], "4": [{"avg_f1": [0.3799738627195492, 0.4883312875777409]}], "6": [{"avg_f1": [0.45961396704430757, 0.5604072652083373]}], "8": [{"avg_f1": [0.575891045838463, 0.6734929679259107]}], "10": [{"avg_f1": [0.5716831529177554, 0.6655709971976624]}]}}, "iteration:5": {"paraphrase-xlm-r-multilingual-v1": {"2": [{"avg_f1": [0.32422215072298327, 0.40360506755927966]}], "4": [{"avg_f1": [0.5088637513177993, 0.611203509923071]}], "6": [{"avg_f1": [0.5105192826123058, 0.6058721486003679]}], "8": [{"avg_f1": [0.6208719974476277, 0.7021438312947291]}], "10": [{"avg_f1": [0.7723450721680031, 0.7981330515281537]}]}}, "iteration:6": {"paraphrase-xlm-r-multilingual-v1": {"2": [{"avg_f1": [0.32116494294194636, 0.39853740671125876]}], "4": [{"avg_f1": [0.38788621593197914, 0.49828465939086375]}], "6": [{"avg_f1": [0.4577728126115222, 0.5543365250274253]}], "8": [{"avg_f1": [0.5549860157640478, 0.6432881359791432]}], "10": [{"avg_f1": [0.5978886287284944, 0.6759016229045145]}]}}, "iteration:7": {"paraphrase-xlm-r-multilingual-v1": {"2": [{"avg_f1": [0.2753107275364004, 0.32824742896820397]}], "4": [{"avg_f1": [0.3702042752921568, 0.4607419787891159]}], "6": [{"avg_f1": [0.49677938808373584, 0.5882986722701193]}], "8": [{"avg_f1": [0.5678708713632471, 0.6445465735758003]}], "10": [{"avg_f1": [0.6795935545935544, 0.6449112661799228]}]}}, "iteration:8": {"paraphrase-xlm-r-multilingual-v1": {"2": [{"avg_f1": [0.3781663584295163, 0.4793906047833777]}], "4": [{"avg_f1": [0.5188019544387334, 0.6103853742627323]}], "6": [{"avg_f1": [0.5930641372407918, 0.6750819527020595]}], "8": [{"avg_f1": [0.7247331307464547, 0.7870749687746401]}], "10": [{"avg_f1": [0.6366718693644836, 0.7132790720408427]}]}}, "iteration:9": {"paraphrase-xlm-r-multilingual-v1": {"2": [{"avg_f1": [0.33528265473482377, 0.41376571356607217]}], "4": [{"avg_f1": [0.3504555329023414, 0.4388080963263561]}], "6": [{"avg_f1": [0.5285620883378536, 0.6271218129615387]}], "8": [{"avg_f1": [0.6115508490217793, 0.7062830779656535]}], "10": [{"avg_f1": [0.7086917174126476, 0.7741331424948223]}]}}, "iteration:10": {"paraphrase-xlm-r-multilingual-v1": {"2": [{"avg_f1": [0.2947113862951845, 0.2881642189456743]}], "4": [{"avg_f1": [0.5619484961357195, 0.6003361997060488]}], "6": [{"avg_f1": [0.6063129779421914, 0.6352221994683842]}], "8": [{"avg_f1": [0.6153237358867715, 0.646354761099276]}], "10": [{"avg_f1": [0.6286462660146871, 0.6624156126669873]}]}}, "iteration:11": {"paraphrase-xlm-r-multilingual-v1": {"2": [{"avg_f1": [0.3384752255315291, 0.4249245070716052]}], "4": [{"avg_f1": [0.3861634858312599, 0.4993967041867077]}], "6": [{"avg_f1": [0.44538105097111313, 0.5421958530329718]}], "8": [{"avg_f1": [0.500781728330272, 0.6185213071352762]}], "10": [{"avg_f1": [0.5761503153257793, 0.683246920676282]}]}}, "iteration:12": {"paraphrase-xlm-r-multilingual-v1": {"2": [{"avg_f1": [0.3277931806021694, 0.42126206846984987]}], "4": [{"avg_f1": [0.37997210953346855, 0.5038238447720828]}], "6": [{"avg_f1": [0.40108108108108104, 0.512984066155708]}], "8": [{"avg_f1": [0.4298781596653937, 0.5367743931732498]}], "10": [{"avg_f1": [0.520535455561535, 0.6014955647724864]}]}}, "iteration:13": {"paraphrase-xlm-r-multilingual-v1": {"2": [{"avg_f1": [0.31246403660196764, 0.3625522130411477]}], "4": [{"avg_f1": [0.43517316017316027, 0.5414763162995686]}], "6": [{"avg_f1": [0.5006351746483325, 0.5955826751732094]}], "8": [{"avg_f1": [0.5597296092467613, 0.6465800452020373]}], "10": [{"avg_f1": [0.6360458696750007, 0.7136912554005486]}]}}, "iteration:14": {"paraphrase-xlm-r-multilingual-v1": {"2": [{"avg_f1": [0.3580919828921485, 0.43535721300880553]}], "4": [{"avg_f1": [0.4010536773655214, 0.5068383987379713]}], "6": [{"avg_f1": [0.4512213547187464, 0.5499995797299055]}], "8": [{"avg_f1": [0.48058916633944637, 0.5843209998204901]}], "10": [{"avg_f1": [0.5615248948582282, 0.6418882389031644]}]}}, "iteration:15": {"paraphrase-xlm-r-multilingual-v1": {"2": [{"avg_f1": [0.3806202183560674, 0.4697638979813015]}], "4": [{"avg_f1": [0.3855148061181437, 0.5112391009829363]}], "6": [{"avg_f1": [0.4798887062044958, 0.5868390768626434]}], "8": [{"avg_f1": [0.5012007142038102, 0.6205022359821122]}], "10": [{"avg_f1": [0.5314028703815051, 0.6542782805684036]}]}}, "iteration:16": {"paraphrase-xlm-r-multilingual-v1": {"2": [{"avg_f1": [0.418862429298862, 0.5079946219598999]}], "4": [{"avg_f1": [0.5327429020094226, 0.6462518458707696]}], "6": [{"avg_f1": [0.7324847355577244, 0.7843790129678989]}], "8": [{"avg_f1": [0.7425942485663999, 0.7699077156011315]}], "10": [{"avg_f1": [0.7142904836360953, 0.6915329003332185]}]}}, "iteration:17": {"paraphrase-xlm-r-multilingual-v1": {"2": [{"avg_f1": [0.33023397729280085, 0.40015977346969445]}], "4": [{"avg_f1": [0.37996637239822323, 0.49332093072965477]}], "6": [{"avg_f1": [0.4802916714085201, 0.5861715449723048]}], "8": [{"avg_f1": [0.5799815843718282, 0.6777968055944031]}], "10": [{"avg_f1": [0.6299886054392696, 0.7105137182330675]}]}}, "iteration:18": {"paraphrase-xlm-r-multilingual-v1": {"2": [{"avg_f1": [0.3666278795732781, 0.4725481806109812]}], "4": [{"avg_f1": [0.4280586645156606, 0.5407826933587093]}], "6": [{"avg_f1": [0.5204577557518734, 0.611648180129304]}], "8": [{"avg_f1": [0.5088862860419411, 0.6035790993338084]}], "10": [{"avg_f1": [0.49534942580256264, 0.5984169113319936]}]}}, "iteration:19": {"paraphrase-xlm-r-multilingual-v1": {"2": [{"avg_f1": [0.2951231845838476, 0.3430818946575149]}], "4": [{"avg_f1": [0.39517656684833474, 0.5090543276302719]}], "6": [{"avg_f1": [0.5738328039685846, 0.6454768565355936]}], "8": [{"avg_f1": [0.6064002201502202, 0.6884530001507613]}], "10": [{"avg_f1": [0.736036534450835, 0.7723104779215114]}]}}, "iteration:20": {"paraphrase-xlm-r-multilingual-v1": {"2": [{"avg_f1": [0.3145637477745505, 0.41458591590109545]}], "4": [{"avg_f1": [0.38635469038990683, 0.5146728174640703]}], "6": [{"avg_f1": [0.47965961913330335, 0.5968297849484024]}], "8": [{"avg_f1": [0.6106558584189886, 0.6906123314442391]}], "10": [{"avg_f1": [0.6118876763271609, 0.6868847394636621]}]}}, "iteration:21": {"paraphrase-xlm-r-multilingual-v1": {"2": [{"avg_f1": [0.3989360082702567, 0.4971914119457119]}], "4": [{"avg_f1": [0.45678243825266795, 0.5458714152224378]}], "6": [{"avg_f1": [0.550036816654003, 0.6511773611000387]}], "8": [{"avg_f1": [0.6237544776364653, 0.7024911673516474]}], "10": [{"avg_f1": [0.6027842996354874, 0.6954347226111443]}]}}, "iteration:22": {"paraphrase-xlm-r-multilingual-v1": {"2": [{"avg_f1": [0.329030712482369, 0.4071814783608251]}], "4": [{"avg_f1": [0.40969564338254233, 0.5109344467498506]}], "6": [{"avg_f1": [0.46584483336511734, 0.5583937337290248]}], "8": [{"avg_f1": [0.5135849167120018, 0.5937389518202756]}], "10": [{"avg_f1": [0.5567519268898932, 0.6083285501630669]}]}},