{"test_perc=0.15": {"iteration:1": {"stsb-xlm-r-multilingual": {"2": [{"avg_f1": [0.40819032344292977, 0.46668829070365897]}], "4": [{"avg_f1": [0.41333237417958096, 0.4979080304483256]}], "6": [{"avg_f1": [0.3892835204257141, 0.48059242550122944]}], "8": [{"avg_f1": [0.4438123765703052, 0.53667297728605]}], "10": [{"avg_f1": [0.5157838506522717, 0.5763877978528411]}]}}, "iteration:2": {"stsb-xlm-r-multilingual": {"2": [{"avg_f1": [0.46345160752956854, 0.47814078035609064]}], "4": [{"avg_f1": [0.5085154738878143, 0.5454165824648517]}], "6": [{"avg_f1": [0.5141056076539947, 0.5373342754180501]}], "8": [{"avg_f1": [0.5195480051706917, 0.5234394526573899]}], "10": [{"avg_f1": [0.5685806826339747, 0.5609869446992666]}]}}, "iteration:3": {"stsb-xlm-r-multilingual": {"2": [{"avg_f1": [0.4636208236208235, 0.5068566259611036]}], "4": [{"avg_f1": [0.5190314788842137, 0.5487586611123904]}], "6": [{"avg_f1": [0.5133693799059259, 0.5546132678809582]}], "8": [{"avg_f1": [0.5215601263695638, 0.559681327181395]}], "10": [{"avg_f1": [0.5592206586390415, 0.582402561601817]}]}}, "iteration:4": {"stsb-xlm-r-multilingual": {"2": [{"avg_f1": [0.4682140726914949, 0.4978381056228412]}], "4": [{"avg_f1": [0.48942191390508577, 0.5423566088157343]}], "6": [{"avg_f1": [0.5225310718693071, 0.5395329144078047]}], "8": [{"avg_f1": [0.5308379120879121, 0.5722524055546443]}], "10": [{"avg_f1": [0.5547497531708058, 0.590498328589452]}]}}, "iteration:5": {"stsb-xlm-r-multilingual": {"2": [{"avg_f1": [0.3942133690329805, 0.4328933937345165]}], "4": [{"avg_f1": [0.5140702269399157, 0.5657651271204966]}], "6": [{"avg_f1": [0.5154135460550268, 0.540361734780614]}], "8": [{"avg_f1": [0.5131592142369641, 0.5405673600570079]}], "10": [{"avg_f1": [0.5671117533660444, 0.5696037233196956]}]}}, "iteration:6": {"stsb-xlm-r-multilingual": {"2": [{"avg_f1": [0.44416598003268376, 0.4757661113539951]}], "4": [{"avg_f1": [0.4370216136520484, 0.4926092996339589]}], "6": [{"avg_f1": [0.44352856529599194, 0.48559954756337487]}], "8": [{"avg_f1": [0.5123694814231898, 0.5246985937255816]}], "10": [{"avg_f1": [0.5312401600206478, 0.5269782331085571]}]}}, "iteration:7": {"stsb-xlm-r-multilingual": {"2": [{"avg_f1": [0.4999251272836179, 0.5483431897118183]}], "4": [{"avg_f1": [0.49598845598845603, 0.5343115590876786]}], "6": [{"avg_f1": [0.5004192423603468, 0.5375171251934889]}], "8": [{"avg_f1": [0.5273232152664776, 0.561443343596408]}], "10": [{"avg_f1": [0.5348232481560714, 0.578132391743992]}]}}, "iteration:8": {"stsb-xlm-r-multilingual": {"2": [{"avg_f1": [0.4317100008654476, 0.4723183902452796]}], "4": [{"avg_f1": [0.41089743589743594, 0.4154101288429647]}], "6": [{"avg_f1": [0.3798367655349686, 0.37973604478142714]}], "8": [{"avg_f1": [0.43516377545329266, 0.4259548141606809]}], "10": [{"avg_f1": [0.4618270359442911, 0.4357831571181875]}]}}, "iteration:9": {"stsb-xlm-r-multilingual": {"2": [{"avg_f1": [0.3965211336479993, 0.4178025867600383]}], "4": [{"avg_f1": [0.42027101929189237, 0.4261531636216957]}], "6": [{"avg_f1": [0.46434828648440507, 0.44145555434226635]}], "8": [{"avg_f1": [0.47250858163347464, 0.4618866015092839]}], "10": [{"avg_f1": [0.5114560236511456, 0.49814857714384486]}]}}, "iteration:10": {"stsb-xlm-r-multilingual": {"2": [{"avg_f1": [0.40971483730913083, 0.4257860728463548]}], "4": [{"avg_f1": [0.4125239487291336, 0.44445708258937194]}], "6": [{"avg_f1": [0.4276307541986985, 0.46029737037394747]}], "8": [{"avg_f1": [0.4793767856793067, 0.5166750846043459]}], "10": [{"avg_f1": [0.4534856679643709, 0.4890635755587818]}]}}, "iteration:11": {"stsb-xlm-r-multilingual": {"2": [{"avg_f1": [0.438588398108638, 0.4757529386856514]}], "4": [{"avg_f1": [0.42319311366834117, 0.49112215416729244]}], "6": [{"avg_f1": [0.5016090748658687, 0.5722657670517906]}], "8": [{"avg_f1": [0.4982944832944833, 0.5960828723515291]}], "10": [{"avg_f1": [0.5314161074162127, 0.596277489587184]}]}}, "iteration:12": {"stsb-xlm-r-multilingual": {"2": [{"avg_f1": [0.40946480420164627, 0.4521453932294465]}], "4": [{"avg_f1": [0.38172246929968273, 0.43919868828954156]}], "6": [{"avg_f1": [0.4681387608806964, 0.5158630809088199]}], "8": [{"avg_f1": [0.4866110955724244, 0.5312345638865281]}], "10": [{"avg_f1": [0.4942943038873271, 0.5217846049588499]}]}}, "iteration:13": {"stsb-xlm-r-multilingual": {"2": [{"avg_f1": [0.39941714582842086, 0.440817353077893]}], "4": [{"avg_f1": [0.3861679454390452, 0.4428961331450167]}], "6": [{"avg_f1": [0.35256138922805585, 0.4093556636840219]}], "8": [{"avg_f1": [0.34153867441538677, 0.34025513776076033]}], "10": [{"avg_f1": [0.353063415382256, 0.3485071193377488]}]}}, "iteration:14": {"stsb-xlm-r-multilingual": {"2": [{"avg_f1": [0.4445799397743638, 0.5169334854883634]}], "4": [{"avg_f1": [0.48045873565903036, 0.5505708456086219]}], "6": [{"avg_f1": [0.5210917740448188, 0.5911978195842257]}], "8": [{"avg_f1": [0.5646387728956244, 0.6191646386081705]}], "10": [{"avg_f1": [0.5861833464670344, 0.6119373581266246]}]}}, "iteration:15": {"stsb-xlm-r-multilingual": {"2": [{"avg_f1": [0.43983980917778825, 0.5000534969852147]}], "4": [{"avg_f1": [0.48045509001951087, 0.5393026927954255]}], "6": [{"avg_f1": [0.5064043220591343, 0.5679350805441223]}], "8": [{"avg_f1": [0.5470567237122915, 0.5968324117975418]}], "10": [{"avg_f1": [0.5069840987328672, 0.5405629721029324]}]}}, "iteration:16": {"stsb-xlm-r-multilingual": {"2": [{"avg_f1": [0.4609233861171846, 0.47038797267884386]}], "4": [{"avg_f1": [0.44961554543253884, 0.45415769242517856]}], "6": [{"avg_f1": [0.48876778145070826, 0.4815614147612691]}], "8": [{"avg_f1": [0.5018764837313224, 0.5342706763626359]}], "10": [{"avg_f1": [0.49335698237551356, 0.5278543287844755]}]}}, "iteration:17": {"stsb-xlm-r-multilingual": {"2": [{"avg_f1": [0.3923496175771201, 0.4491821216728028]}], "4": [{"avg_f1": [0.38099961454018527, 0.40845029783408193]}], "6": [{"avg_f1": [0.37359232313603824, 0.4256990556420695]}], "8": [{"avg_f1": [0.3838535776757504, 0.4354750290968557]}], "10": [{"avg_f1": [0.41638609617333017, 0.47254526990951246]}]}}, "iteration:18": {"stsb-xlm-r-multilingual": {"2": [{"avg_f1": [0.4347626320023383, 0.45661792880165997]}], "4": [{"avg_f1": [0.4944728242600583, 0.5196222922485229]}], "6": [{"avg_f1": [0.5117100955571019, 0.5600636007442341]}], "8": [{"avg_f1": [0.5131053850726688, 0.5865509547153844]}], "10": [{"avg_f1": [0.6367432780369328, 0.664790550794618]}]}}, "iteration:19": {"stsb-xlm-r-multilingual": {"2": [{"avg_f1": [0.44218683315830615, 0.5066035538075022]}], "4": [{"avg_f1": [0.4739260073530878, 0.5227474891562963]}], "6": [{"avg_f1": [0.41905270655270654, 0.4943874947606291]}], "8": [{"avg_f1": [0.4631450370655627, 0.5416782818362218]}], "10": [{"avg_f1": [0.4486281692164045, 0.5210317192318947]}]}}, "iteration:20": {"stsb-xlm-r-multilingual": {"2": [{"avg_f1": [0.4123083578910647, 0.4399324742888877]}], "4": [{"avg_f1": [0.514180455559766, 0.5322078504785659]}], "6": [{"avg_f1": [0.4456110582419095, 0.466253199605498]}], "8": [{"avg_f1": [0.5187012439384356, 0.5640494554425847]}], "10": [{"avg_f1": [0.565859677204215, 0.6089092353359256]}]}}, "iteration:21": {"stsb-xlm-r-multilingual": {"2": [{"avg_f1": [0.43046764764785306, 0.4900880963007307]}], "4": [{"avg_f1": [0.535302585514087, 0.6036418310703611]}], "6": [{"avg_f1": [0.601520840444495, 0.6440953158884154]}], "8": [{"avg_f1": [0.6073653198653198, 0.6289650233680084]}], "10": [{"avg_f1": [0.5887786217974896, 0.6253088880517774]}]}}, "iteration:22": {"stsb-xlm-r-multilingual": {"2": [{"avg_f1": [0.39678946889870126, 0.44442702788085786]}], "4": [{"avg_f1": [0.41694880073190915, 0.46688292906377893]}], "6": [{"avg_f1": [0.44503419308859876, 0.4876201895494552]}], "8": [{"avg_f1": [0.4479855310440019, 0.4855171561340864]}], "10": [{"avg_f1": [0.5205723956249166, 0.5521226027724523]}]}}, "iteration:23": {"stsb-xlm-r-multilingual": {"2": [{"avg_f1": [0.42084106743735633, 0.4797454385217805]}], "4": [{"avg_f1": [0.38235109123913474, 0.41573725433454545]}],