{"test_perc=0.25": {"iteration:1": {"stsb-xlm-r-multilingual": {"2": [{"avg_f1": [0.41237885135696034, 0.45558375304746884]}], "4": [{"avg_f1": [0.432381215836011, 0.4641661913831647]}], "6": [{"avg_f1": [0.4608155002891845, 0.5196041193684556]}], "8": [{"avg_f1": [0.5082539682539683, 0.5251883439943141]}], "10": [{"avg_f1": [0.515697844853211, 0.5219641079853771]}]}}, "iteration:2": {"stsb-xlm-r-multilingual": {"2": [{"avg_f1": [0.42801215553839245, 0.46398325034678506]}], "4": [{"avg_f1": [0.41680912573652207, 0.4655207132118474]}], "6": [{"avg_f1": [0.5202424195484645, 0.5494208391108008]}], "8": [{"avg_f1": [0.5953306342780027, 0.6007541241162608]}], "10": [{"avg_f1": [0.5692654009922262, 0.5659784838843401]}]}}, "iteration:3": {"stsb-xlm-r-multilingual": {"2": [{"avg_f1": [0.44655735167911764, 0.4605125514116834]}], "4": [{"avg_f1": [0.4244624595020848, 0.4374933100104849]}], "6": [{"avg_f1": [0.35161839483268054, 0.37827221345345013]}], "8": [{"avg_f1": [0.3755810197921055, 0.3940885956395017]}], "10": [{"avg_f1": [0.43191208737640885, 0.4520670504186763]}]}}, "iteration:4": {"stsb-xlm-r-multilingual": {"2": [{"avg_f1": [0.3793990559186638, 0.4197023867590154]}], "4": [{"avg_f1": [0.423244905238958, 0.482367295850461]}], "6": [{"avg_f1": [0.4363181672528241, 0.4953779669051566]}], "8": [{"avg_f1": [0.4484162044264346, 0.5041625664483244]}], "10": [{"avg_f1": [0.46026216911037654, 0.5111011178533976]}]}}, "iteration:5": {"stsb-xlm-r-multilingual": {"2": [{"avg_f1": [0.37884252839183913, 0.4422661348612189]}], "4": [{"avg_f1": [0.39430230858802284, 0.46058649853959027]}], "6": [{"avg_f1": [0.413547020355531, 0.48226774390000815]}], "8": [{"avg_f1": [0.4458323480062611, 0.49625289988690374]}], "10": [{"avg_f1": [0.5093354006119963, 0.5855048511701417]}]}}, "iteration:6": {"stsb-xlm-r-multilingual": {"2": [{"avg_f1": [0.3752505303196547, 0.42593975481381763]}], "4": [{"avg_f1": [0.4028548688323124, 0.44791412201916075]}], "6": [{"avg_f1": [0.3867919389978214, 0.4446175982830944]}], "8": [{"avg_f1": [0.4810618584586044, 0.5303326632458196]}], "10": [{"avg_f1": [0.47536648536648535, 0.5072513887439261]}]}}, "iteration:7": {"stsb-xlm-r-multilingual": {"2": [{"avg_f1": [0.4160373094108034, 0.43714730992199075]}], "4": [{"avg_f1": [0.42284436126689623, 0.46055699591253724]}], "6": [{"avg_f1": [0.5058564001862972, 0.5302757200741506]}], "8": [{"avg_f1": [0.5045798645798646, 0.5032105705240033]}], "10": [{"avg_f1": [0.547947508661732, 0.5542097004134903]}]}}, "iteration:8": {"stsb-xlm-r-multilingual": {"2": [{"avg_f1": [0.37701948867203106, 0.38069807613192386]}], "4": [{"avg_f1": [0.3717120181405896, 0.4002487562189055]}], "6": [{"avg_f1": [0.4066265611209432, 0.43120736196369275]}], "8": [{"avg_f1": [0.4617310740044869, 0.4745335220217945]}], "10": [{"avg_f1": [0.5186927119318301, 0.5034635002863954]}]}}, "iteration:9": {"stsb-xlm-r-multilingual": {"2": [{"avg_f1": [0.4106045722211947, 0.41769270304781675]}], "4": [{"avg_f1": [0.41722104406314936, 0.43594031960881924]}], "6": [{"avg_f1": [0.44472434035342534, 0.4701688995111588]}], "8": [{"avg_f1": [0.48320851894723305, 0.5001600699019895]}], "10": [{"avg_f1": [0.47114638447971774, 0.4752681039248203]}]}}, "iteration:10": {"stsb-xlm-r-multilingual": {"2": [{"avg_f1": [0.3811754495863023, 0.41211688795860957]}], "4": [{"avg_f1": [0.4286552457916509, 0.480418139970039]}], "6": [{"avg_f1": [0.45484461048323777, 0.5124447984137581]}], "8": [{"avg_f1": [0.43562884090834403, 0.5211869519601049]}], "10": [{"avg_f1": [0.5404964562314459, 0.5908895824535021]}]}}, "iteration:11": {"stsb-xlm-r-multilingual": {"2": [{"avg_f1": [0.4011048863990041, 0.4362668450464763]}], "4": [{"avg_f1": [0.41590007215007213, 0.4870190443884474]}], "6": [{"avg_f1": [0.40843495995327056, 0.46301142421191727]}], "8": [{"avg_f1": [0.4675031441763102, 0.5615214802390266]}], "10": [{"avg_f1": [0.46786445538349913, 0.567812999838971]}]}}, "iteration:12": {"stsb-xlm-r-multilingual": {"2": [{"avg_f1": [0.37201801487515773, 0.42422536292472324]}], "4": [{"avg_f1": [0.4111544449259313, 0.4727203215469669]}], "6": [{"avg_f1": [0.44005192297551093, 0.495214711735761]}], "8": [{"avg_f1": [0.42062852732896766, 0.4915835975836179]}], "10": [{"avg_f1": [0.4373044217687075, 0.5233707736826073]}]}}, "iteration:13": {"stsb-xlm-r-multilingual": {"2": [{"avg_f1": [0.3957153995005657, 0.43165803128852337]}], "4": [{"avg_f1": [0.46558783194033876, 0.49598812518570506]}], "6": [{"avg_f1": [0.5172552912538256, 0.5389422527735603]}], "8": [{"avg_f1": [0.5395321833030398, 0.5429123392117099]}], "10": [{"avg_f1": [0.5211891208096141, 0.5383945474786337]}]}}, "iteration:14": {"stsb-xlm-r-multilingual": {"2": [{"avg_f1": [0.42321630147298045, 0.4351613153038393]}], "4": [{"avg_f1": [0.45098095160457596, 0.4626180664298951]}], "6": [{"avg_f1": [0.3739485697597566, 0.4142416126074312]}], "8": [{"avg_f1": [0.41956948701730484, 0.4829883787891661]}], "10": [{"avg_f1": [0.3805085201311617, 0.44459584034351707]}]}}, "iteration:15": {"stsb-xlm-r-multilingual": {"2": [{"avg_f1": [0.36941601430424437, 0.39714981157273593]}], "4": [{"avg_f1": [0.4021505040080891, 0.44511367545423275]}], "6": [{"avg_f1": [0.42069459465458553, 0.4574860890186966]}], "8": [{"avg_f1": [0.4880320207852586, 0.509014979008041]}], "10": [{"avg_f1": [0.5014714864789828, 0.5266396652420059]}]}}, "iteration:16": {"stsb-xlm-r-multilingual": {"2": [{"avg_f1": [0.30848961206104064, 0.3035107144915248]}], "4": [{"avg_f1": [0.3476984782580192, 0.34319446634485506]}], "6": [{"avg_f1": [0.3840660618154224, 0.3710777395550462]}], "8": [{"avg_f1": [0.4078004475063299, 0.38472001413177886]}], "10": [{"avg_f1": [0.39470442794064153, 0.3720846448959132]}]}}, "iteration:17": {"stsb-xlm-r-multilingual": {"2": [{"avg_f1": [0.4511787001435034, 0.5219652501565916]}], "4": [{"avg_f1": [0.43889775268641246, 0.4979139037263364]}], "6": [{"avg_f1": [0.4101068657590397, 0.46871007282428445]}], "8": [{"avg_f1": [0.44016697588126164, 0.48207362999473874]}], "10": [{"avg_f1": [0.44755661005661, 0.5092850557402796]}]}}, "iteration:18": {"stsb-xlm-r-multilingual": {"2": [{"avg_f1": [0.4895157172061273, 0.5433419075569103]}], "4": [{"avg_f1": [0.4231901254773595, 0.47459409173445366]}], "6": [{"avg_f1": [0.38376601611895733, 0.46643649979909857]}], "8": [{"avg_f1": [0.40948464533370194, 0.5016453086010956]}], "10": [{"avg_f1": [0.44080225438919385, 0.5235786736719076]}]}}, "iteration:19": {"stsb-xlm-r-multilingual": {"2": [{"avg_f1": [0.43972821989919525, 0.47455429242913694]}], "4": [{"avg_f1": [0.44608091885402806, 0.4859332099116371]}], "6": [{"avg_f1": [0.4738652534184405, 0.519934316646207]}], "8": [{"avg_f1": [0.52079538977287, 0.5482786138864845]}], "10": [{"avg_f1": [0.5095984710463329, 0.5134226307109826]}]}}, "iteration:20": {"stsb-xlm-r-multilingual": {"2": [{"avg_f1": [0.36386875486129644, 0.39391544899290165]}], "4": [{"avg_f1": [0.41023524876643586, 0.4412285363214821]}], "6": [{"avg_f1": [0.4130709030785018, 0.4464372796916007]}], "8": [{"avg_f1": [0.4758361449895583, 0.49362048060910446]}], "10": [{"avg_f1": [0.47196034075161014, 0.4710471395772422]}]}}, "iteration:21": {"stsb-xlm-r-multilingual": {"2": [{"avg_f1": [0.42457449358743854, 0.47944232451550234]}], "4": [{"avg_f1": [0.46269841269841266, 0.49960909737029136]}], "6": [{"avg_f1": [0.4843920164177326, 0.5108885173049286]}], "8": [{"avg_f1": [0.5270411955194564, 0.5588909252114963]}], "10": [{"avg_f1": [0.500359402963045, 0.5268763284920392]}]}}, "iteration:22": {"stsb-xlm-r-multilingual": {"2": [{"avg_f1": [0.4302812164825247, 0.45699276951190587]}], "4": [{"avg_f1": [0.4597790748916993, 0.47682469937225497]}], "6": [{"avg_f1": [0.4260356577141447, 0.44519590904686707]}], "8": [{"avg_f1": [0.42780557503961764, 0.44698185481291236]}], "10": [{"avg_f1": [0.4156284565108095, 0.44956439521847774]}]}}, "iteration:23": {"stsb-xlm-r-multilingual": {"2": [{"avg_f1": [0.3974459877171172, 0.4380074675112375]}],