{"test_perc=0.3": {"iteration:1": {"stsb-xlm-r-multilingual": {"2": [{"avg_f1": [0.5012221067236264, 0.5605843334283201]}], "4": [{"avg_f1": [0.4746610525930803, 0.5504629338495148]}], "6": [{"avg_f1": [0.4938481590094493, 0.550139040866051]}], "8": [{"avg_f1": [0.5223830722542062, 0.5626122300533748]}], "10": [{"avg_f1": [0.5587074829931974, 0.5994456289978679]}]}}, "iteration:2": {"stsb-xlm-r-multilingual": {"2": [{"avg_f1": [0.4216894106994618, 0.4481511134410704]}], "4": [{"avg_f1": [0.4411595080199731, 0.46364217563453936]}], "6": [{"avg_f1": [0.3930605340693381, 0.434200953100549]}], "8": [{"avg_f1": [0.47870245582509735, 0.5296200097893283]}], "10": [{"avg_f1": [0.5282385730211817, 0.5582896402753639]}]}}, "iteration:3": {"stsb-xlm-r-multilingual": {"2": [{"avg_f1": [0.37583911777367657, 0.41841134759537857]}], "4": [{"avg_f1": [0.4098599331879702, 0.4438091521715005]}], "6": [{"avg_f1": [0.39921091585410656, 0.42745252725358135]}], "8": [{"avg_f1": [0.4652659960753411, 0.48782730762817816]}], "10": [{"avg_f1": [0.458044954634895, 0.5054651033389057]}]}}, "iteration:4": {"stsb-xlm-r-multilingual": {"2": [{"avg_f1": [0.37709959076826216, 0.4070907948452973]}], "4": [{"avg_f1": [0.39357951989530937, 0.45890285415030113]}], "6": [{"avg_f1": [0.412905053501849, 0.4796620389227445]}], "8": [{"avg_f1": [0.48275439935415854, 0.5412414658326807]}], "10": [{"avg_f1": [0.41381401617250674, 0.4775898137345617]}]}}, "iteration:5": {"stsb-xlm-r-multilingual": {"2": [{"avg_f1": [0.3475742775742776, 0.40425309350682487]}], "4": [{"avg_f1": [0.4102740511409242, 0.45190199672432474]}], "6": [{"avg_f1": [0.39415259179324513, 0.46670117309660064]}], "8": [{"avg_f1": [0.38901991614255765, 0.4665469820707782]}], "10": [{"avg_f1": [0.4248264728077769, 0.5068209163507461]}]}}, "iteration:6": {"stsb-xlm-r-multilingual": {"2": [{"avg_f1": [0.4379080136417663, 0.4572279172861169]}], "4": [{"avg_f1": [0.4498740982714033, 0.5050559777673495]}], "6": [{"avg_f1": [0.4575239575239575, 0.48798432082014176]}], "8": [{"avg_f1": [0.4980942075826987, 0.5172199652086663]}], "10": [{"avg_f1": [0.5037637968127024, 0.5221090171577135]}]}}, "iteration:7": {"stsb-xlm-r-multilingual": {"2": [{"avg_f1": [0.445, 0.5061194029850746]}], "4": [{"avg_f1": [0.4500435264324154, 0.5069506456322378]}], "6": [{"avg_f1": [0.4381506137808659, 0.5260013729598578]}], "8": [{"avg_f1": [0.5155723143958437, 0.5677750013131927]}], "10": [{"avg_f1": [0.5238661121014062, 0.5970805508996905]}]}}, "iteration:8": {"stsb-xlm-r-multilingual": {"2": [{"avg_f1": [0.3643717943711109, 0.3772892110174737]}], "4": [{"avg_f1": [0.4300456966584314, 0.4735253249223907]}], "6": [{"avg_f1": [0.4983280596898316, 0.5545688293560909]}], "8": [{"avg_f1": [0.4791149710504549, 0.5392789685038121]}], "10": [{"avg_f1": [0.525500515995872, 0.5716556536204427]}]}}, "iteration:9": {"stsb-xlm-r-multilingual": {"2": [{"avg_f1": [0.3724053724053724, 0.3951305742350518]}], "4": [{"avg_f1": [0.34770268736113136, 0.42782583942061686]}], "6": [{"avg_f1": [0.37663463133846414, 0.429848831806812]}], "8": [{"avg_f1": [0.39370073122882115, 0.46363834918505387]}], "10": [{"avg_f1": [0.37336495526328023, 0.44618293584482327]}]}}, "iteration:10": {"stsb-xlm-r-multilingual": {"2": [{"avg_f1": [0.42184942716857604, 0.44830035001518015]}], "4": [{"avg_f1": [0.39912888575679273, 0.4154903775695168]}], "6": [{"avg_f1": [0.37257948090261434, 0.40649582954886304]}], "8": [{"avg_f1": [0.42724520415818246, 0.4623118732774878]}], "10": [{"avg_f1": [0.42794005642546257, 0.4712667077030363]}]}}, "iteration:11": {"stsb-xlm-r-multilingual": {"2": [{"avg_f1": [0.4132120437715847, 0.4701713288942138]}], "4": [{"avg_f1": [0.48541861188920005, 0.5794152486865392]}], "6": [{"avg_f1": [0.4732758620689655, 0.5747110840780425]}], "8": [{"avg_f1": [0.4814615398626618, 0.5544728217711826]}], "10": [{"avg_f1": [0.5008247569277805, 0.5508554651156312]}]}}, "iteration:12": {"stsb-xlm-r-multilingual": {"2": [{"avg_f1": [0.3095367132026308, 0.3193361658570703]}], "4": [{"avg_f1": [0.38297476397966596, 0.4164853835398173]}], "6": [{"avg_f1": [0.45368517221981247, 0.47041717624640766]}], "8": [{"avg_f1": [0.5057569699998486, 0.5220119248381238]}], "10": [{"avg_f1": [0.5558473519917325, 0.556956674920996]}]}}, "iteration:13": {"stsb-xlm-r-multilingual": {"2": [{"avg_f1": [0.35891425935535953, 0.43270518192638263]}], "4": [{"avg_f1": [0.3970150583001871, 0.49374772521356636]}], "6": [{"avg_f1": [0.36897782629289116, 0.4619706852171432]}], "8": [{"avg_f1": [0.41239500691960923, 0.5179915565838338]}], "10": [{"avg_f1": [0.4258205472067093, 0.512500348888326]}]}}, "iteration:14": {"stsb-xlm-r-multilingual": {"2": [{"avg_f1": [0.38170503076239676, 0.42105700193580214]}], "4": [{"avg_f1": [0.4046297149998976, 0.41978601598314896]}], "6": [{"avg_f1": [0.4085861511306108, 0.4482971568256498]}], "8": [{"avg_f1": [0.4027661934338953, 0.43943645790568014]}], "10": [{"avg_f1": [0.40625994010521943, 0.44273406074325355]}]}}, "iteration:15": {"stsb-xlm-r-multilingual": {"2": [{"avg_f1": [0.41384887288248634, 0.4330672567534477]}], "4": [{"avg_f1": [0.4072167899310395, 0.439458467129437]}], "6": [{"avg_f1": [0.4167368756288045, 0.42797375574087093]}], "8": [{"avg_f1": [0.4643755532697131, 0.4484714141010458]}], "10": [{"avg_f1": [0.4467468334135001, 0.42043706431766137]}]}}, "iteration:16": {"stsb-xlm-r-multilingual": {"2": [{"avg_f1": [0.3415133728607443, 0.35138133976987646]}], "4": [{"avg_f1": [0.4445754716981132, 0.4603902656528678]}], "6": [{"avg_f1": [0.4619899341850562, 0.47931977741952264]}], "8": [{"avg_f1": [0.4491206487432902, 0.4811052347633592]}], "10": [{"avg_f1": [0.4631475535286788, 0.48664921472029304]}]}}, "iteration:17": {"stsb-xlm-r-multilingual": {"2": [{"avg_f1": [0.34454335486332005, 0.387212214686288]}], "4": [{"avg_f1": [0.42942612942612945, 0.507539226942212]}], "6": [{"avg_f1": [0.4938876874429748, 0.5692519194287449]}], "8": [{"avg_f1": [0.525, 0.5552416488983654]}], "10": [{"avg_f1": [0.5473334179882235, 0.5806935425586667]}]}}, "iteration:18": {"stsb-xlm-r-multilingual": {"2": [{"avg_f1": [0.4166623056441725, 0.44254990854556264]}], "4": [{"avg_f1": [0.4094644349038428, 0.45659184803702735]}], "6": [{"avg_f1": [0.40423706324635117, 0.43280651144982735]}], "8": [{"avg_f1": [0.463560138553932, 0.4801549071213657]}], "10": [{"avg_f1": [0.5144758612174343, 0.5305172372487483]}]}}, "iteration:19": {"stsb-xlm-r-multilingual": {"2": [{"avg_f1": [0.4009199032625179, 0.4625076063841622]}], "4": [{"avg_f1": [0.3895323938609177, 0.4735208028066709]}], "6": [{"avg_f1": [0.3698011737227424, 0.4477198884573775]}], "8": [{"avg_f1": [0.39050374988705167, 0.44691379777717544]}], "10": [{"avg_f1": [0.39119994947581155, 0.46299683846775974]}]}}, "iteration:20": {"stsb-xlm-r-multilingual": {"2": [{"avg_f1": [0.38435401807494834, 0.40593624817852525]}], "4": [{"avg_f1": [0.4170836171374191, 0.4302947514070879]}], "6": [{"avg_f1": [0.40347636639196743, 0.43598546059133153]}], "8": [{"avg_f1": [0.497033795088715, 0.5254316422559873]}], "10": [{"avg_f1": [0.48627450980392156, 0.5355465320456541]}]}}, "iteration:21": {"stsb-xlm-r-multilingual": {"2": [{"avg_f1": [0.38312658260638677, 0.42315354654135046]}], "4": [{"avg_f1": [0.3984786289240552, 0.4203676896369987]}], "6": [{"avg_f1": [0.3738057476714463, 0.3837086944733828]}], "8": [{"avg_f1": [0.37421006716106014, 0.4127976739804335]}], "10": [{"avg_f1": [0.4598868819558475, 0.4722796526399203]}]}}, "iteration:22": {"stsb-xlm-r-multilingual": {"2": [{"avg_f1": [0.376442548205054, 0.4254869426375152]}], "4": [{"avg_f1": [0.3668742799177582, 0.40894306890413307]}], "6": [{"avg_f1": [0.40284125379170876, 0.4224885682809411]}], "8": [{"avg_f1": [0.45625798212005103, 0.4678543158376297]}], "10": [{"avg_f1": [0.4349080785250998, 0.4957927996988016]}]}}, "iteration:23": {"stsb-xlm-r-multilingual": {"2": [{"avg_f1": [0.4169408307685039, 0.46572040759767924]}], "4": [{"avg_f1": [0.4301067093504068, 0.4970103862440499]}],